Date,Time ,Datetime,Shark,N,W,Tidal Phase
"Friday, 26 July, 2013",10:15:00,7/26/13 10:15,267,25.7339,-79.24774,H
"Friday, 26 July, 2013",10:20:00,7/26/13 10:20,267,25.73498,-79.24827,H
"Friday, 26 July, 2013",10:25:00,7/26/13 10:25,267,25.73495,-79.24855,H
"Friday, 26 July, 2013",10:30:00,7/26/13 10:30,267,25.73433,-79.24845,H
"Friday, 26 July, 2013",10:35:00,7/26/13 10:35,267,25.73424,-79.2496,H
"Friday, 26 July, 2013",10:40:00,7/26/13 10:40,267,25.73427,-79.24986,H
"Friday, 26 July, 2013",10:46:00,7/26/13 10:46,267,25.73502,-79.24865,H
"Friday, 26 July, 2013",10:51:00,7/26/13 10:51,267,25.74536,-79.2473,M
"Friday, 26 July, 2013",10:56:00,7/26/13 10:56,267,25.73574,-79.24894,H
"Friday, 26 July, 2013",11:01:00,7/26/13 11:01,267,25.73592,-79.24972,H
"Friday, 26 July, 2013",11:06:00,7/26/13 11:06,267,25.73636,-79.25131,M
"Friday, 26 July, 2013",11:11:00,7/26/13 11:11,267,25.73612,-79.25255,M
"Friday, 26 July, 2013",11:20:00,7/26/13 11:20,267,25.73643,-79.25252,M
"Friday, 26 July, 2013",11:25:00,7/26/13 11:25,267,25.73589,-79.25175,M
"Friday, 26 July, 2013",11:30:00,7/26/13 11:30,267,25.73574,-79.2517,M
"Friday, 26 July, 2013",11:36:00,7/26/13 11:36,267,25.73549,-79.24936,M
"Friday, 26 July, 2013",11:42:00,7/26/13 11:42,267,25.73317,-79.2489,M
"Friday, 26 July, 2013",11:45:00,7/26/13 11:45,267,25.73364,-79.24919,M
"Friday, 26 July, 2013",11:49:00,7/26/13 11:49,267,25.73333,-79.24859,M
"Friday, 26 July, 2013",11:55:00,7/26/13 11:55,267,25.73269,-79.24732,M
"Friday, 26 July, 2013",12:00:00,7/26/13 12:00,267,25.7318,-79.24787,M
"Friday, 26 July, 2013",12:05:00,7/26/13 12:05,267,25.73139,-79.24839,M
"Friday, 26 July, 2013",12:10:00,7/26/13 12:10,267,25.73143,-79.24861,M
"Friday, 26 July, 2013",12:15:00,7/26/13 12:15,267,25.73124,-79.24762,M
"Friday, 26 July, 2013",12:20:00,7/26/13 12:20,267,25.73112,-79.24777,M
"Friday, 26 July, 2013",12:25:00,7/26/13 12:25,267,25.73136,-79.24761,M
"Friday, 26 July, 2013",12:30:00,7/26/13 12:30,267,25.73093,-79.24682,M
"Friday, 26 July, 2013",12:35:00,7/26/13 12:35,267,25.73058,-79.24699,M
"Friday, 26 July, 2013",12:40:00,7/26/13 12:40,267,25.73111,-79.24824,M
"Friday, 26 July, 2013",12:45:00,7/26/13 12:45,267,25.73206,-79.24845,M
"Friday, 26 July, 2013",12:50:00,7/26/13 12:50,267,25.73325,-79.24831,M
"Friday, 26 July, 2013",12:55:00,7/26/13 12:55,267,25.73233,-79.24735,M
"Saturday, 27 July, 2013",11:07:00,7/27/13 11:07,267,25.7316,-79.24826,H
"Saturday, 27 July, 2013",11:12:00,7/27/13 11:12,267,25.73165,-79.2483,H
"Saturday, 27 July, 2013",11:17:00,7/27/13 11:17,267,25.73141,-79.24844,H
"Saturday, 27 July, 2013",11:22:00,7/27/13 11:22,267,25.73262,-79.24786,H
"Saturday, 27 July, 2013",11:27:00,7/27/13 11:27,267,25.73291,-79.24712,H
"Saturday, 27 July, 2013",11:32:00,7/27/13 11:32,267,25.73314,-79.24769,H
"Saturday, 27 July, 2013",11:37:00,7/27/13 11:37,267,25.73356,-79.24738,H
"Saturday, 27 July, 2013",11:42:00,7/27/13 11:42,267,25.73354,-79.24804,H
"Saturday, 27 July, 2013",11:47:00,7/27/13 11:47,267,25.7341,-79.24809,H
"Saturday, 27 July, 2013",11:52:00,7/27/13 11:52,267,25.73352,-79.24903,H
"Saturday, 27 July, 2013",11:57:00,7/27/13 11:57,267,25.73359,-79.24898,M
"Saturday, 27 July, 2013",12:02:00,7/27/13 12:02,267,25.73363,-79.24912,M
"Saturday, 27 July, 2013",12:07:00,7/27/13 12:07,267,25.73351,-79.24936,M
"Saturday, 27 July, 2013",12:12:00,7/27/13 12:12,267,25.73373,-79.25007,M
"Saturday, 27 July, 2013",12:17:00,7/27/13 12:17,267,25.7336,-79.24948,M
"Saturday, 27 July, 2013",12:22:00,7/27/13 12:22,267,25.73321,-79.2597,M
"Saturday, 27 July, 2013",12:27:00,7/27/13 12:27,267,25.73292,-79.25101,M
"Saturday, 27 July, 2013",12:32:00,7/27/13 12:32,267,25.73309,-79.25088,M
"Saturday, 27 July, 2013",12:37:00,7/27/13 12:37,267,25.73257,-79.25036,M
"Saturday, 27 July, 2013",12:42:00,7/27/13 12:42,267,25.73176,-79.25056,M
"Saturday, 27 July, 2013",12:47:00,7/27/13 12:47,267,25.73116,-79.25116,M
"Saturday, 27 July, 2013",12:52:00,7/27/13 12:52,267,25.73094,-79.25159,M
"Saturday, 27 July, 2013",12:57:00,7/27/13 12:57,267,25.73003,-79.25104,M
"Saturday, 27 July, 2013",14:04:00,7/27/13 14:04,267,25.7276,-79.25002,M
"Saturday, 27 July, 2013",14:10:00,7/27/13 14:10,267,25.72784,-79.25029,M
"Saturday, 27 July, 2013",14:15:00,7/27/13 14:15,267,25.72644,-79.25033,L
"Saturday, 27 July, 2013",14:20:00,7/27/13 14:20,267,25.7254,-79.24908,L
"Saturday, 27 July, 2013",14:25:00,7/27/13 14:25,267,25.72488,-79.24882,L
"Saturday, 27 July, 2013",14:30:00,7/27/13 14:30,267,25.72552,-79.24855,L
"Saturday, 27 July, 2013",14:36:00,7/27/13 14:36,267,25.72481,-79.24686,L
"Saturday, 27 July, 2013",14:41:00,7/27/13 14:41,267,25.72524,-79.24595,L
"Saturday, 27 July, 2013",14:46:00,7/27/13 14:46,267,25.72511,-79.24615,L
"Saturday, 27 July, 2013",14:51:00,7/27/13 14:51,267,25.72562,-79.24539,L
"Saturday, 27 July, 2013",14:56:00,7/27/13 14:56,267,25.72488,-79.24525,L
"Saturday, 27 July, 2013",15:06:00,7/27/13 15:06,267,25.7286,-79.24369,L
"Saturday, 27 July, 2013",15:10:00,7/27/13 15:10,267,25.72475,-79.24371,L
"Saturday, 27 July, 2013",15:15:00,7/27/13 15:15,267,25.72591,-79.24455,L
"Saturday, 27 July, 2013",15:20:00,7/27/13 15:20,267,25.72497,-79.24299,L
"Saturday, 27 July, 2013",15:25:00,7/27/13 15:25,267,25.72386,-79.24172,L
"Saturday, 27 July, 2013",15:30:00,7/27/13 15:30,267,25.72378,-79.24052,L
"Saturday, 27 July, 2013",15:35:00,7/27/13 15:35,267,25.7246,-79.24042,L
"Saturday, 27 July, 2013",15:40:00,7/27/13 15:40,267,25.72414,-79.24107,L
"Saturday, 27 July, 2013",15:45:00,7/27/13 15:45,267,25.72461,-79.2423,L
"Saturday, 27 July, 2013",15:50:00,7/27/13 15:50,267,25.72449,-79.24359,L
"Saturday, 27 July, 2013",15:55:00,7/27/13 15:55,267,25.72366,-79.24447,L
"Saturday, 27 July, 2013",16:00:00,7/27/13 16:00,267,25.72603,-79.24545,L
"Saturday, 27 July, 2013",16:05:00,7/27/13 16:05,267,25.72564,-79.246,L
"Sunday, 28 July, 2013",11:55:00,7/28/13 11:55,267,25.73255,-79.24738,L
"Sunday, 28 July, 2013",12:00:00,7/28/13 12:00,267,25.73322,-79.24705,L
"Sunday, 28 July, 2013",12:05:00,7/28/13 12:05,267,25.73239,-79.24721,H
"Sunday, 28 July, 2013",12:10:00,7/28/13 12:10,267,25.73185,-79.24762,H
"Sunday, 28 July, 2013",12:15:00,7/28/13 12:15,267,25.73125,-79.24762,M
"Sunday, 28 July, 2013",12:20:00,7/28/13 12:20,267,25.73064,-79.24703,H
"Sunday, 28 July, 2013",12:25:00,7/28/13 12:25,267,25.72975,-79.24674,H
"Sunday, 28 July, 2013",12:30:00,7/28/13 12:30,267,25.72986,-79.24813,H
"Sunday, 28 July, 2013",12:35:00,7/28/13 12:35,267,25.7293,-79.25092,M
"Sunday, 28 July, 2013",12:40:00,7/28/13 12:40,267,25.72925,-79.25716,M
"Sunday, 28 July, 2013",13:15:00,7/28/13 13:15,267,25.73137,-79.25072,M
"Sunday, 28 July, 2013",13:20:00,7/28/13 13:20,267,25.73187,-79.25188,M
"Sunday, 28 July, 2013",13:25:00,7/28/13 13:25,267,25.73191,-79.25109,M
"Sunday, 28 July, 2013",13:27:00,7/28/13 13:27,267,25.73198,-79.25083,M
"Sunday, 28 July, 2013",13:32:00,7/28/13 13:32,267,25.73153,-79.25047,M
"Sunday, 28 July, 2013",13:37:00,7/28/13 13:37,267,25.73197,-79.24959,M
"Sunday, 28 July, 2013",13:42:00,7/28/13 13:42,267,25.7319,-79.24944,M
"Sunday, 28 July, 2013",13:47:00,7/28/13 13:47,267,25.7321,-79.2494,M
"Sunday, 28 July, 2013",13:52:00,7/28/13 13:52,267,25.7321,-79.2494,M
"Sunday, 28 July, 2013",13:57:00,7/28/13 13:57,267,25.7321,-79.2494,M
"Sunday, 28 July, 2013",14:02:00,7/28/13 14:02,267,25.7314,-79.25013,M
"Sunday, 28 July, 2013",14:04:00,7/28/13 14:04,267,25.73112,-79.25005,M
"Sunday, 28 July, 2013",14:12:00,7/28/13 14:12,267,25.73114,-79.24988,M
"Sunday, 28 July, 2013",14:18:00,7/28/13 14:18,267,25.73109,-79.24929,M
"Sunday, 28 July, 2013",14:22:00,7/28/13 14:22,267,25.73127,-79.2491,M
"Sunday, 28 July, 2013",14:26:00,7/28/13 14:26,267,25.73125,-79.24883,H
"Sunday, 28 July, 2013",14:31:00,7/28/13 14:31,267,25.73123,-79.24797,M
"Sunday, 28 July, 2013",14:41:00,7/28/13 14:41,267,25.73116,-79.24809,M
"Sunday, 28 July, 2013",14:52:00,7/28/13 14:52,267,25.73119,-79.24799,M
"Sunday, 28 July, 2013",15:03:00,7/28/13 15:03,267,25.73073,-79.24816,L
"Sunday, 28 July, 2013",15:10:00,7/28/13 15:10,267,25.72998,-79.24756,L
"Sunday, 28 July, 2013",15:15:00,7/28/13 15:15,267,25.72941,-79.24738,L
"Sunday, 28 July, 2013",15:20:00,7/28/13 15:20,267,25.72934,-79.24733,L
"Sunday, 28 July, 2013",15:25:00,7/28/13 15:25,267,25.72766,-79.24763,L
"Sunday, 28 July, 2013",15:30:00,7/28/13 15:30,267,25.7262,-79.24732,L
"Sunday, 28 July, 2013",15:35:00,7/28/13 15:35,267,25.72611,-79.24695,L
"Sunday, 28 July, 2013",15:40:00,7/28/13 15:40,267,25.72568,-79.24582,L
"Sunday, 28 July, 2013",15:45:00,7/28/13 15:45,267,25.72553,-79.24587,L
"Sunday, 28 July, 2013",15:50:00,7/28/13 15:50,267,25.72516,-79.24645,H
"Sunday, 28 July, 2013",15:55:00,7/28/13 15:55,267,25.72608,-79.24744,L
"Sunday, 28 July, 2013",16:00:00,7/28/13 16:00,267,25.72576,-79.24828,L
"Sunday, 28 July, 2013",16:05:00,7/28/13 16:05,267,25.72477,-79.2487,L
"Sunday, 28 July, 2013",16:10:00,7/28/13 16:10,267,25.72698,-79.24977,L
"Sunday, 28 July, 2013",16:15:00,7/28/13 16:15,267,25.72376,-79.25052,L
"Sunday, 28 July, 2013",16:20:00,7/28/13 16:20,267,25.72505,-79.25181,L
"Sunday, 28 July, 2013",16:25:00,7/28/13 16:25,267,25.72599,-79.25234,L
"Sunday, 28 July, 2013",16:30:00,7/28/13 16:30,267,25.72479,-79.25262,L
"Sunday, 28 July, 2013",16:35:00,7/28/13 16:35,267,25.72385,-79.2533,L
"Sunday, 28 July, 2013",16:40:00,7/28/13 16:40,267,25.72356,-79.25426,L
"Sunday, 28 July, 2013",16:45:00,7/28/13 16:45,267,25.72263,-79.25527,L
"Wednesday, 1 October, 2014",02:31:00,10/01/14 02:31,345,25.72924,-79.25476,H
"Wednesday, 1 October, 2014",02:41:00,10/01/14 02:41,345,25.72965,-79.25125,H
"Wednesday, 1 October, 2014",02:51:00,10/01/14 02:51,345,25.73311,-79.24859,H
"Wednesday, 1 October, 2014",14:17:00,10/01/14 14:17,345,25.72671,-79.2678,H
"Wednesday, 1 October, 2014",14:22:00,10/01/14 14:22,345,25.72627,-79.26884,H
"Wednesday, 1 October, 2014",14:27:00,10/01/14 14:27,345,25.72518,-79.26963,H
"Wednesday, 1 October, 2014",14:32:00,10/01/14 14:32,345,25.72312,-79.26986,H
"Wednesday, 1 October, 2014",14:37:00,10/01/14 14:37,345,25.72233,-79.27109,H
"Wednesday, 1 October, 2014",14:42:00,10/01/14 14:42,345,25.72103,-79.27181,H
"Wednesday, 1 October, 2014",14:47:00,10/01/14 14:47,345,25.71958,-79.27102,L
"Wednesday, 1 October, 2014",14:52:00,10/01/14 14:52,345,25.71831,-79.2707,H
"Wednesday, 1 October, 2014",14:57:00,10/01/14 14:57,345,25.71702,-79.26012,H
"Wednesday, 1 October, 2014",15:02:00,10/01/14 15:02,345,25.71646,-79.26089,H
"Wednesday, 1 October, 2014",15:07:00,10/01/14 15:07,345,25.71553,-79.27294,H
"Wednesday, 1 October, 2014",15:12:00,10/01/14 15:12,345,25.71447,-79.27338,H
"Wednesday, 1 October, 2014",15:17:00,10/01/14 15:17,345,25.71375,-79.27436,H
"Wednesday, 1 October, 2014",15:26:00,10/01/14 15:26,345,25.71559,-79.27452,H
"Wednesday, 1 October, 2014",16:18:00,10/01/14 16:18,345,25.72472,-79.26355,H
"Wednesday, 1 October, 2014",16:50:00,10/01/14 16:50,345,25.72723,-79.25572,H
"Thursday, 2 October, 2014",01:30:00,10/02/14 01:30,345,25.72846,-79.2551,H
"Thursday, 2 October, 2014",01:35:00,10/02/14 01:35,345,25.72804,-79.25573,H
"Thursday, 2 October, 2014",01:40:00,10/02/14 01:40,345,25.72802,-79.25478,H
"Thursday, 2 October, 2014",01:45:00,10/02/14 01:45,345,25.72713,-79.2556,H
"Thursday, 2 October, 2014",01:50:00,10/02/14 01:50,345,25.72508,-79.25727,H
"Thursday, 2 October, 2014",01:55:00,10/02/14 01:55,345,25.7238,-79.25816,H
"Thursday, 2 October, 2014",02:00:00,10/02/14 02:00,345,25.7242,-79.25677,M
"Thursday, 2 October, 2014",02:05:00,10/02/14 02:05,345,25.7244,-79.25551,M
"Thursday, 2 October, 2014",02:10:00,10/02/14 02:10,345,25.72591,-79.25476,M
"Thursday, 2 October, 2014",02:15:00,10/02/14 02:15,345,25.72738,-79.25605,M
"Thursday, 2 October, 2014",02:20:00,10/02/14 02:20,345,25.72747,-79.25807,H
"Thursday, 2 October, 2014",02:25:00,10/02/14 02:25,345,25.72844,-79.2573,H
"Thursday, 2 October, 2014",02:30:00,10/02/14 02:30,345,25.72992,-79.25694,H
"Thursday, 2 October, 2014",02:40:00,10/02/14 02:40,345,25.72773,-79.25499,H
"Thursday, 2 October, 2014",02:45:00,10/02/14 02:45,345,25.72756,-79.25452,H
"Thursday, 2 October, 2014",02:50:00,10/02/14 02:50,345,25.72672,-79.25294,H
"Thursday, 2 October, 2014",02:55:00,10/02/14 02:55,345,25.72839,-79.25322,H
"Thursday, 2 October, 2014",03:00:00,10/02/14 03:00,345,25.73001,-79.25315,H
"Thursday, 2 October, 2014",03:54:00,10/02/14 03:54,345,25.72944,-79.24531,H
"Thursday, 2 October, 2014",13:29:00,10/02/14 13:29,345,25.7269,-79.26243,H
"Thursday, 2 October, 2014",13:34:00,10/02/14 13:34,345,25.72463,-79.26391,H
"Thursday, 2 October, 2014",13:39:00,10/02/14 13:39,345,25.72191,-79.26535,H
"Thursday, 2 October, 2014",13:44:00,10/02/14 13:44,345,25.72308,-79.2644,H
"Thursday, 2 October, 2014",13:49:00,10/02/14 13:49,345,25.72347,-79.26694,H
"Thursday, 2 October, 2014",13:55:00,10/02/14 13:55,345,25.72466,-79.26971,H
"Thursday, 2 October, 2014",14:00:00,10/02/14 14:00,345,25.7251,-79.27187,H
"Thursday, 2 October, 2014",14:05:00,10/02/14 14:05,345,25.72469,-79.27342,H
"Thursday, 2 October, 2014",14:10:00,10/02/14 14:10,345,25.72595,-79.27171,H
"Thursday, 2 October, 2014",14:15:00,10/02/14 14:15,345,25.72392,-79.27097,H
"Thursday, 2 October, 2014",14:20:00,10/02/14 14:20,345,25.72429,-79.27296,H
"Thursday, 2 October, 2014",14:25:00,10/02/14 14:25,345,25.72474,-79.27395,H
"Thursday, 2 October, 2014",14:30:00,10/02/14 14:30,345,25.72251,-79.2749,H
"Friday, 3 October, 2014",03:44:00,10/03/14 03:44,345,25.73266,-79.25049,H
"Friday, 3 October, 2014",03:49:00,10/03/14 03:49,345,25.73322,-79.24828,H
"Friday, 3 October, 2014",03:57:00,10/03/14 03:57,345,25.73347,-79.24704,H
"Friday, 3 October, 2014",04:02:00,10/03/14 04:02,345,25.73681,-79.24695,H
"Friday, 3 October, 2014",04:07:00,10/03/14 04:07,345,25.73552,-79.24798,H
"Friday, 3 October, 2014",04:12:00,10/03/14 04:12,345,25.73409,-79.24715,H
"Friday, 3 October, 2014",04:17:00,10/03/14 04:17,345,25.73221,-79.2475,H
"Friday, 3 October, 2014",04:22:00,10/03/14 04:22,345,25.73153,-79.2482,H
"Friday, 3 October, 2014",04:27:00,10/03/14 04:27,345,25.73268,-79.25021,H
"Friday, 3 October, 2014",04:32:00,10/03/14 04:32,345,25.73401,-79.24814,H
"Friday, 3 October, 2014",04:37:00,10/03/14 04:37,345,25.73409,-79.24916,H
"Friday, 3 October, 2014",04:42:00,10/03/14 04:42,345,25.73414,-79.25017,H
"Friday, 3 October, 2014",04:47:00,10/03/14 04:47,345,25.73376,-79.25002,H
"Friday, 3 October, 2014",04:52:00,10/03/14 04:52,345,25.73342,-79.24978,H
"Friday, 3 October, 2014",04:57:00,10/03/14 04:57,345,25.73296,-79.25091,H
"Friday, 3 October, 2014",05:05:00,10/03/14 05:05,345,25.73463,-79.25089,H
"Friday, 3 October, 2014",15:16:00,10/03/14 15:16,345,25.72573,-79.26862,H
"Friday, 3 October, 2014",15:21:00,10/03/14 15:21,345,25.7229,-79.26728,H
"Friday, 3 October, 2014",15:26:00,10/03/14 15:26,345,25.7212,-79.26606,H
"Friday, 3 October, 2014",15:31:00,10/03/14 15:31,345,25.72231,-79.26494,H
"Friday, 3 October, 2014",15:36:00,10/03/14 15:36,345,25.72468,-79.26665,H
"Friday, 3 October, 2014",15:41:00,10/03/14 15:41,345,25.72516,-79.26733,L
"Friday, 3 October, 2014",15:46:00,10/03/14 15:46,345,25.72517,-79.27053,H
"Friday, 3 October, 2014",15:51:00,10/03/14 15:51,345,25.72688,-79.27103,H
"Friday, 3 October, 2014",15:56:00,10/03/14 15:56,345,25.72758,-79.27262,H
"Friday, 3 October, 2014",16:01:00,10/03/14 16:01,345,25.72596,-79.27329,H
"Friday, 3 October, 2014",16:06:00,10/03/14 16:06,345,25.72537,-79.27295,H
"Friday, 3 October, 2014",16:11:00,10/03/14 16:11,345,25.72513,-79.27333,H
"Friday, 3 October, 2014",16:16:00,10/03/14 16:16,345,25.72388,-79.27491,H
"Monday, 29 September, 2014",16:35:00,9/29/14 16:35,345,25.72626,-79.25471,L
"Monday, 29 September, 2014",17:35:00,9/29/14 17:35,345,25.72866,-79.24683,H
"Monday, 29 September, 2014",17:40:00,9/29/14 17:40,345,25.72782,-79.24662,H
"Monday, 29 September, 2014",17:45:00,9/29/14 17:45,345,25.72707,-79.2463,H
"Tuesday, 30 September, 2014",00:01:00,9/30/14 00:01,345,25.72909,-79.2548,H
"Tuesday, 30 September, 2014",00:06:00,9/30/14 00:06,345,25.7289,-79.25779,H
"Tuesday, 30 September, 2014",00:11:00,9/30/14 00:11,345,25.72881,-79.25554,H
"Tuesday, 30 September, 2014",00:16:00,9/30/14 00:16,345,25.73011,-79.25557,H
"Tuesday, 30 September, 2014",00:21:00,9/30/14 00:21,345,25.72814,-79.25607,H
"Tuesday, 30 September, 2014",00:26:00,9/30/14 00:26,345,25.72919,-79.25525,L
"Tuesday, 30 September, 2014",00:31:00,9/30/14 00:31,345,25.72871,-79.25655,H
"Tuesday, 30 September, 2014",00:38:00,9/30/14 00:38,345,25.72801,-79.25815,H
"Tuesday, 30 September, 2014",00:43:00,9/30/14 00:43,345,25.72726,-79.25955,H
"Tuesday, 30 September, 2014",00:48:00,9/30/14 00:48,345,25.72742,-79.25955,H
"Tuesday, 30 September, 2014",00:53:00,9/30/14 00:53,345,25.72685,-79.26047,H
"Tuesday, 30 September, 2014",00:58:00,9/30/14 00:58,345,25.72702,-79.25932,M
"Tuesday, 30 September, 2014",01:08:00,9/30/14 01:08,345,25.72614,-79.25771,H
"Tuesday, 30 September, 2014",01:40:00,9/30/14 01:40,345,25.72376,-79.26024,M
"Tuesday, 30 September, 2014",01:49:00,9/30/14 01:49,345,25.72419,-79.26136,M
"Tuesday, 30 September, 2014",02:19:00,9/30/14 02:19,345,25.72592,-79.26979,M
"Tuesday, 30 September, 2014",02:51:00,9/30/14 02:51,345,25.72925,-79.25687,M
"Tuesday, 30 September, 2014",02:56:00,9/30/14 02:56,345,25.73026,-79.25501,H
"Tuesday, 30 September, 2014",03:06:00,9/30/14 03:06,345,25.72884,-79.25377,H
"Tuesday, 30 September, 2014",11:34:00,9/30/14 11:34,345,25.73114,-79.25349,H
"Tuesday, 30 September, 2014",11:39:00,9/30/14 11:39,345,25.73093,-79.25258,H
"Tuesday, 30 September, 2014",11:44:00,9/30/14 11:44,345,25.73331,-79.25244,H
"Tuesday, 30 September, 2014",11:52:00,9/30/14 11:52,345,25.73441,-79.25128,H
"Tuesday, 30 September, 2014",12:07:00,9/30/14 12:07,345,25.73347,-79.25098,H
"Tuesday, 30 September, 2014",12:13:00,9/30/14 12:13,345,25.73266,-79.2527,H
"Tuesday, 30 September, 2014",12:18:00,9/30/14 12:18,345,25.73094,-79.2536,H
"Tuesday, 30 September, 2014",12:23:00,9/30/14 12:23,345,25.72989,-79.25555,H
"Tuesday, 30 September, 2014",12:28:00,9/30/14 12:28,345,25.72798,-79.25569,H
"Tuesday, 30 September, 2014",12:36:00,9/30/14 12:36,345,25.72718,-79.25429,H
"Tuesday, 30 September, 2014",12:41:00,9/30/14 12:41,345,25.72959,-79.25466,H
"Tuesday, 30 September, 2014",12:46:00,9/30/14 12:46,345,25.73085,-79.25552,H
"Tuesday, 30 September, 2014",12:51:00,9/30/14 12:51,345,25.73291,-79.25369,M
"Tuesday, 30 September, 2014",12:56:00,9/30/14 12:56,345,25.73136,-79.25393,H
"Tuesday, 30 September, 2014",13:00:00,9/30/14 13:00,345,25.73055,-79.25362,H
"Tuesday, 30 September, 2014",13:05:00,9/30/14 13:05,345,25.73143,-79.25321,H
"Tuesday, 30 September, 2014",13:10:00,9/30/14 13:10,345,25.73186,-79.25259,H
"Tuesday, 30 September, 2014",13:15:00,9/30/14 13:15,345,25.73207,-79.25201,H
"Tuesday, 30 September, 2014",13:20:00,9/30/14 13:20,345,25.73169,-79.25259,H
"Tuesday, 30 September, 2014",13:25:00,9/30/14 13:25,345,25.73101,-79.25319,H
"Tuesday, 30 September, 2014",13:30:00,9/30/14 13:30,345,25.73016,-79.25391,H
"Tuesday, 30 September, 2014",13:40:00,9/30/14 13:40,345,25.72907,-79.25546,H
"Tuesday, 30 September, 2014",13:45:00,9/30/14 13:45,345,25.7273,-79.25603,H
"Tuesday, 30 September, 2014",13:50:00,9/30/14 13:50,345,25.72089,-79.25594,H
"Tuesday, 30 September, 2014",13:55:00,9/30/14 13:55,345,25.7268,-79.25726,H
"Tuesday, 30 September, 2014",14:00:00,9/30/14 14:00,345,25.7277,-79.25859,H
"Tuesday, 30 September, 2014",14:05:00,9/30/14 14:05,345,25.72765,-79.2607,H
"Tuesday, 30 September, 2014",14:10:00,9/30/14 14:10,345,25.72718,-79.26339,H
"Tuesday, 30 September, 2014",14:15:00,9/30/14 14:15,345,25.72593,-79.26519,H
"Tuesday, 30 September, 2014",14:20:00,9/30/14 14:20,345,25.72582,-79.2647,H
"Tuesday, 30 September, 2014",14:25:00,9/30/14 14:25,345,25.72571,-79.26043,H
"Tuesday, 30 September, 2014",14:30:00,9/30/14 14:30,345,25.72476,-79.26789,H
"Tuesday, 30 September, 2014",14:35:00,9/30/14 14:35,345,25.7216,-79.26369,H
"Tuesday, 30 September, 2014",14:40:00,9/30/14 14:40,345,25.72002,-79.2695,L
"Tuesday, 30 September, 2014",14:45:00,9/30/14 14:45,345,25.72028,-79.26987,H
"Tuesday, 30 September, 2014",15:33:00,9/30/14 15:33,345,25.72883,-79.25729,H
"Tuesday, 30 September, 2014",15:43:00,9/30/14 15:43,345,25.72838,-79.25491,H
"Tuesday, 30 September, 2014",15:48:00,9/30/14 15:48,345,25.7298,-79.25409,H
"Tuesday, 30 September, 2014",23:51:00,9/30/14 23:51,345,25.72969,-79.25366,H
"Tuesday, 30 September, 2014",23:56:00,9/30/14 23:56,345,25.72972,-79.2535,H
"Sunday, 29 July, 2012",04:01:00,7/29/12 04:01,437,25.73785,-79.24489,M
"Sunday, 29 July, 2012",04:06:00,7/29/12 04:06,437,25.73779,-79.24543,H
"Sunday, 29 July, 2012",04:11:00,7/29/12 04:11,437,25.73822,-79.24039,H
"Sunday, 29 July, 2012",04:16:00,7/29/12 04:16,437,25.73803,-79.24479,M
"Monday, 30 July, 2012",09:41:00,7/30/12 09:41,437,25.73766,-79.2454,L
"Monday, 30 July, 2012",09:47:00,7/30/12 09:47,437,25.73803,-79.24459,H
"Monday, 30 July, 2012",09:52:00,7/30/12 09:52,437,25.73758,-79.24632,M
"Monday, 30 July, 2012",10:02:00,7/30/12 10:02,437,25.7387,-79.24606,M
"Monday, 30 July, 2012",10:09:00,7/30/12 10:09,437,25.73842,-79.23763,M
"Monday, 30 July, 2012",10:16:00,7/30/12 10:16,437,25.73693,-79.24535,L
"Monday, 30 July, 2012",10:59:00,7/30/12 10:59,437,25.73799,-79.24553,M
"Monday, 30 July, 2012",11:05:00,7/30/12 11:05,437,25.73772,-79.24551,M
"Monday, 30 July, 2012",11:11:00,7/30/12 11:11,437,25.73759,-79.24604,M
"Monday, 30 July, 2012",11:16:00,7/30/12 11:16,437,25.73765,-79.24622,L
"Monday, 30 July, 2012",11:23:00,7/30/12 11:23,437,25.73781,-79.24678,L
"Monday, 30 July, 2012",11:28:00,7/30/12 11:28,437,25.73819,-79.24583,M
"Monday, 30 July, 2012",11:40:00,7/30/12 11:40,437,25.73975,-79.24725,L
"Tuesday, 31 July, 2012",00:17:00,7/31/12 00:17,437,25.73699,-79.24537,H
"Tuesday, 31 July, 2012",11:12:00,7/31/12 11:12,437,25.73739,-79.24577,M
"Tuesday, 31 July, 2012",11:18:00,7/31/12 11:18,437,25.73749,-79.24547,M
"Tuesday, 31 July, 2012",11:32:00,7/31/12 11:32,437,25.73703,-79.24579,M
"Tuesday, 31 July, 2012",11:46:00,7/31/12 11:46,437,25.73806,-79.24553,L
"Tuesday, 31 July, 2012",12:19:00,7/31/12 12:19,437,25.73809,-79.24582,M
"Tuesday, 31 July, 2012",13:05:00,7/31/12 13:05,437,25.74333,-79.2465,M
"Tuesday, 31 July, 2012",13:55:00,7/31/12 13:55,437,25.74316,-79.24644,M
"Tuesday, 31 July, 2012",14:00:00,7/31/12 14:00,437,25.74314,-79.24629,L
"Tuesday, 31 July, 2012",14:05:00,7/31/12 14:05,437,25.74317,-79.24647,L
"Tuesday, 31 July, 2012",14:10:00,7/31/12 14:10,437,25.74324,-79.24652,L
"Tuesday, 31 July, 2012",14:16:00,7/31/12 14:16,437,25.71287,-79.24636,L
"Tuesday, 31 July, 2012",14:21:00,7/31/12 14:21,437,25.743,-79.2464,L
"Tuesday, 31 July, 2012",14:26:00,7/31/12 14:26,437,25.74297,-79.24805,L
"Tuesday, 31 July, 2012",14:34:00,7/31/12 14:34,437,25.74342,-79.24791,L
"Tuesday, 31 July, 2012",14:41:00,7/31/12 14:41,437,25.74265,-79.24743,L
"Tuesday, 31 July, 2012",14:46:00,7/31/12 14:46,437,25.74135,-79.24786,L
"Tuesday, 31 July, 2012",14:53:00,7/31/12 14:53,437,25.73891,-79.24709,L
"Tuesday, 31 July, 2012",14:58:00,7/31/12 14:58,437,25.73837,-79.24653,L
"Tuesday, 31 July, 2012",15:03:00,7/31/12 15:03,437,25.73943,-79.24731,L
"Tuesday, 31 July, 2012",15:08:00,7/31/12 15:08,437,25.7407,-79.24724,L
"Tuesday, 31 July, 2012",15:13:00,7/31/12 15:13,437,25.74175,-79.24749,L
"Tuesday, 31 July, 2012",15:18:00,7/31/12 15:18,437,25.74292,-79.24742,L
"Tuesday, 31 July, 2012",15:23:00,7/31/12 15:23,437,25.74249,-79.24771,L
"Tuesday, 31 July, 2012",15:28:00,7/31/12 15:28,437,25.74128,-79.2476,L
"Tuesday, 31 July, 2012",15:36:00,7/31/12 15:36,437,25.74092,-79.24755,L
"Tuesday, 31 July, 2012",15:41:00,7/31/12 15:41,437,25.74262,-79.24757,L
"Tuesday, 31 July, 2012",15:46:00,7/31/12 15:46,437,25.74295,-79.24664,L
"Tuesday, 31 July, 2012",15:51:00,7/31/12 15:51,437,25.74358,-79.24641,L
"Tuesday, 31 July, 2012",15:56:00,7/31/12 15:56,437,25.745,-79.24662,L
"Thursday, 2 August, 2012",10:19:00,08/02/12 10:19,437,25.73804,-79.24774,L
"Thursday, 2 August, 2012",14:19:00,08/02/12 14:19,437,25.7302,-79.24953,L
"Thursday, 2 August, 2012",14:31:00,08/02/12 14:31,437,25.73032,-79.25077,L
"Thursday, 2 August, 2012",15:33:00,08/02/12 15:33,437,25.72999,-79.25054,L
"Monday, 30 July, 2012",03:15:00,7/30/12 03:15,511,25.73026,-79.25006,L
"Monday, 30 July, 2012",09:25:00,7/30/12 09:25,511,25.737,-79.24416,M
"Monday, 30 July, 2012",09:32:00,7/30/12 09:32,511,25.73711,-79.24275,H
"Monday, 30 July, 2012",09:37:00,7/30/12 09:37,511,25.73705,-79.24413,M
"Monday, 30 July, 2012",09:42:00,7/30/12 09:42,511,25.73711,-79.24799,M
"Monday, 30 July, 2012",09:47:00,7/30/12 09:47,511,25.73702,-79.24503,M
"Monday, 30 July, 2012",09:52:00,7/30/12 09:52,511,25.73711,-79.24696,M
"Monday, 30 July, 2012",09:58:00,7/30/12 09:58,511,25.73707,-79.24547,M
"Monday, 30 July, 2012",10:05:00,7/30/12 10:05,511,25.73695,-79.24542,H
"Monday, 30 July, 2012",14:26:00,7/30/12 14:26,511,25.73081,-79.25263,L
"Monday, 30 July, 2012",15:25:00,7/30/12 15:25,511,25.72842,-79.25192,L
"Monday, 30 July, 2012",15:39:00,7/30/12 15:39,511,25.72891,-79.25159,L
"Monday, 30 July, 2012",22:03:00,7/30/12 22:03,511,25.73801,-79.24573,M
"Monday, 30 July, 2012",22:06:00,7/30/12 22:06,511,25.73812,-79.24499,H
"Monday, 30 July, 2012",22:13:00,7/30/12 22:13,511,25.73815,-79.24518,H
"Monday, 30 July, 2012",22:18:00,7/30/12 22:18,511,25.73792,-79.24584,M
"Monday, 30 July, 2012",22:24:00,7/30/12 22:24,511,25.73808,-79.24592,M
"Monday, 30 July, 2012",22:35:00,7/30/12 22:35,511,25.73785,-79.24589,M
"Tuesday, 31 July, 2012",09:11:00,7/31/12 09:11,511,25.73677,-79.24535,M
"Tuesday, 31 July, 2012",09:16:00,7/31/12 09:16,511,25.73695,-79.24536,H
"Tuesday, 31 July, 2012",09:21:00,7/31/12 09:21,511,25.73699,-79.24534,L
"Tuesday, 31 July, 2012",09:31:00,7/31/12 09:31,511,25.73704,-79.24524,H
"Tuesday, 31 July, 2012",09:36:00,7/31/12 09:36,511,25.737,-79.24539,M
"Tuesday, 31 July, 2012",09:41:00,7/31/12 09:41,511,25.73702,-79.24539,H
"Tuesday, 31 July, 2012",09:46:00,7/31/12 09:46,511,25.73704,-79.24539,H
"Tuesday, 31 July, 2012",09:51:00,7/31/12 09:51,511,25.73699,-79.24534,H
"Tuesday, 31 July, 2012",09:56:00,7/31/12 09:56,511,25.73704,-79.24534,H
"Tuesday, 31 July, 2012",10:01:00,7/31/12 10:01,511,25.73704,-79.24534,H
"Tuesday, 31 July, 2012",10:08:00,7/31/12 10:08,511,25.73698,-79.24545,H
"Tuesday, 31 July, 2012",10:13:00,7/31/12 10:13,511,25.73704,-79.24549,H
"Tuesday, 31 July, 2012",10:18:00,7/31/12 10:18,511,25.73704,-79.24544,M
"Tuesday, 31 July, 2012",10:24:00,7/31/12 10:24,511,25.73699,-79.2455,H
"Tuesday, 31 July, 2012",10:29:00,7/31/12 10:29,511,25.73704,-79.24544,H
"Tuesday, 31 July, 2012",10:34:00,7/31/12 10:34,511,25.73706,-79.24514,M
"Tuesday, 31 July, 2012",10:41:00,7/31/12 10:41,511,25.73677,-79.24531,H
"Tuesday, 31 July, 2012",10:47:00,7/31/12 10:47,511,25.73659,-79.24539,M
"Tuesday, 31 July, 2012",10:53:00,7/31/12 10:53,511,25.73682,-79.24553,M
"Tuesday, 31 July, 2012",13:46:00,7/31/12 13:46,511,25.73037,-79.25012,L
"Tuesday, 31 July, 2012",14:00:00,7/31/12 14:00,511,25.73055,-79.24991,L
"Tuesday, 31 July, 2012",14:08:00,7/31/12 14:08,511,25.73041,-79.24998,L
"Tuesday, 31 July, 2012",14:15:00,7/31/12 14:15,511,25.7304,-79.25028,L
"Tuesday, 31 July, 2012",14:20:00,7/31/12 14:20,511,25.73033,-79.25009,L
"Tuesday, 31 July, 2012",14:28:00,7/31/12 14:28,511,25.73055,-79.25016,L
"Tuesday, 31 July, 2012",14:33:00,7/31/12 14:33,511,25.73026,-79.25003,L
"Tuesday, 31 July, 2012",14:38:00,7/31/12 14:38,511,25.73052,-79.25022,L
"Tuesday, 31 July, 2012",14:43:00,7/31/12 14:43,511,25.73055,-79.25011,L
"Tuesday, 31 July, 2012",14:48:00,7/31/12 14:48,511,25.73031,-79.25014,L
"Tuesday, 31 July, 2012",14:53:00,7/31/12 14:53,511,25.73012,-79.25015,L
"Tuesday, 31 July, 2012",14:58:00,7/31/12 14:58,511,25.73046,-79.25018,L
"Tuesday, 31 July, 2012",15:04:00,7/31/12 15:04,511,25.73064,-79.25005,L
"Tuesday, 31 July, 2012",15:09:00,7/31/12 15:09,511,25.73012,-79.25015,L
"Tuesday, 31 July, 2012",15:14:00,7/31/12 15:14,511,25.73032,-79.2501,L
"Tuesday, 31 July, 2012",15:19:00,7/31/12 15:19,511,25.73037,-79.25021,H
"Tuesday, 31 July, 2012",15:24:00,7/31/12 15:24,511,25.73018,-79.25037,L
"Tuesday, 31 July, 2012",15:28:00,7/31/12 15:28,511,25.73051,-79.24995,L
"Tuesday, 31 July, 2012",15:33:00,7/31/12 15:33,511,25.7303,-79.25022,L
"Tuesday, 31 July, 2012",15:38:00,7/31/12 15:38,511,25.73028,-79.25005,L
"Tuesday, 31 July, 2012",15:47:00,7/31/12 15:47,511,25.73021,-79.25026,L
"Tuesday, 31 July, 2012",15:52:00,7/31/12 15:52,511,25.73028,-79.25032,H
"Tuesday, 31 July, 2012",22:05:00,7/31/12 22:05,511,25.73819,-79.24517,M
"Tuesday, 31 July, 2012",22:55:00,7/31/12 22:55,511,25.73803,-79.24578,M
"Tuesday, 31 July, 2012",23:00:00,7/31/12 23:00,511,25.73711,-79.2471,M
"Tuesday, 31 July, 2012",23:05:00,7/31/12 23:05,511,25.73622,-79.24859,M
"Tuesday, 31 July, 2012",23:10:00,7/31/12 23:10,511,25.73625,-79.24896,M
"Tuesday, 31 July, 2012",23:15:00,7/31/12 23:15,511,25.73553,-79.24906,M
"Tuesday, 31 July, 2012",23:20:00,7/31/12 23:20,511,25.73519,-79.25017,M
"Tuesday, 31 July, 2012",23:25:00,7/31/12 23:25,511,25.73418,-79.24957,M
"Tuesday, 31 July, 2012",23:30:00,7/31/12 23:30,511,25.7346,-79.24956,H
"Tuesday, 31 July, 2012",23:35:00,7/31/12 23:35,511,25.73334,-79.24932,M
"Tuesday, 31 July, 2012",23:40:00,7/31/12 23:40,511,25.73391,-79.24783,M
"Tuesday, 31 July, 2012",23:45:00,7/31/12 23:45,511,25.73406,-79.24837,M
"Tuesday, 31 July, 2012",23:51:00,7/31/12 23:51,511,25.73405,-79.24913,M
"Wednesday, 1 August, 2012",00:04:00,08/01/12 00:04,511,25.73789,-79.24523,M
"Wednesday, 1 August, 2012",03:47:00,08/01/12 03:47,511,25.73041,-79.24971,L
"Wednesday, 1 August, 2012",10:35:00,08/01/12 10:35,511,25.73834,-79.24674,H
"Wednesday, 1 August, 2012",10:43:00,08/01/12 10:43,511,25.73711,-79.24748,M
"Wednesday, 1 August, 2012",10:51:00,08/01/12 10:51,511,25.73647,-79.24958,H
"Wednesday, 1 August, 2012",10:58:00,08/01/12 10:58,511,25.73533,-79.24019,H
"Wednesday, 1 August, 2012",11:00:00,08/01/12 11:00,511,25.73566,-79.2494,H
"Wednesday, 1 August, 2012",11:05:00,08/01/12 11:05,511,25.73569,-79.24985,H
"Wednesday, 1 August, 2012",11:10:00,08/01/12 11:10,511,25.73428,-79.24848,H
"Wednesday, 1 August, 2012",14:02:00,08/01/12 14:02,511,25.73038,-79.2502,L
"Wednesday, 1 August, 2012",14:03:00,08/01/12 14:03,511,25.73049,-79.24998,L
"Wednesday, 1 August, 2012",14:18:00,08/01/12 14:18,511,25.73051,-79.25023,L
"Wednesday, 1 August, 2012",14:31:00,08/01/12 14:31,511,25.73049,-79.24998,L
"Wednesday, 1 August, 2012",14:36:00,08/01/12 14:36,511,25.73021,-79.25019,L
"Wednesday, 1 August, 2012",15:02:00,08/01/12 15:02,511,25.73042,-79.25006,L
"Wednesday, 1 August, 2012",15:02:00,08/01/12 15:02,511,25.73061,-79.25031,L
"Wednesday, 1 August, 2012",15:15:00,08/01/12 15:15,511,25.73035,-79.25013,L
"Wednesday, 1 August, 2012",15:25:00,08/01/12 15:25,511,25.73043,-79.25019,L
"Wednesday, 1 August, 2012",15:30:00,08/01/12 15:30,511,25.7304,-79.25002,L
"Wednesday, 1 August, 2012",15:35:00,08/01/12 15:35,511,25.73039,-79.25012,L
"Wednesday, 1 August, 2012",15:40:00,08/01/12 15:40,511,25.73041,-79.25008,L
"Wednesday, 1 August, 2012",15:45:00,08/01/12 15:45,511,25.73039,-79.25012,L
"Wednesday, 1 August, 2012",15:50:00,08/01/12 15:50,511,25.73042,-79.25008,L
"Wednesday, 1 August, 2012",15:56:00,08/01/12 15:56,511,25.73038,-79.25006,L
"Thursday, 2 August, 2012",10:22:00,08/02/12 10:22,511,25.73804,-79.24774,M
"Thursday, 2 August, 2012",11:03:00,08/02/12 11:03,511,25.73813,-79.24473,H
"Thursday, 2 August, 2012",11:39:00,08/02/12 11:39,511,25.73844,-79.24444,H
"Thursday, 2 August, 2012",11:52:00,08/02/12 11:52,511,25.73816,-79.2447,H
"Thursday, 2 August, 2012",11:57:00,08/02/12 11:57,511,25.73669,-79.24217,H
"Thursday, 2 August, 2012",12:02:00,08/02/12 12:02,511,25.73733,-79.24697,H
"Thursday, 2 August, 2012",12:03:00,08/02/12 12:03,511,25.73281,-79.25003,M
"Thursday, 2 August, 2012",12:17:00,08/02/12 12:17,511,25.73355,-79.24868,M
"Thursday, 2 August, 2012",12:22:00,08/02/12 12:22,511,25.73246,-79.25051,M
"Thursday, 2 August, 2012",12:27:00,08/02/12 12:27,511,25.73208,-79.25066,M
"Thursday, 2 August, 2012",12:38:00,08/02/12 12:38,511,25.73267,-79.25091,M
"Thursday, 2 August, 2012",12:45:00,08/02/12 12:45,511,25.73084,-79.25203,M
"Thursday, 2 August, 2012",12:50:00,08/02/12 12:50,511,25.72879,-79.25263,M
"Thursday, 2 August, 2012",12:55:00,08/02/12 12:55,511,25.72758,-79.25254,M
"Thursday, 2 August, 2012",13:00:00,08/02/12 13:00,511,25.72657,-79.2521,M
"Thursday, 2 August, 2012",13:05:00,08/02/12 13:05,511,25.72672,-79.2513,M
"Thursday, 2 August, 2012",13:11:00,08/02/12 13:11,511,25.72792,-79.25163,M
"Thursday, 2 August, 2012",13:20:00,08/02/12 13:20,511,25.72841,-79.25139,M
"Thursday, 2 August, 2012",13:25:00,08/02/12 13:25,511,25.72942,-79.25187,M
"Thursday, 2 August, 2012",13:30:00,08/02/12 13:30,511,25.72336,-79.25114,M
"Thursday, 2 August, 2012",13:35:00,08/02/12 13:35,511,25.73085,-79.25026,M
"Thursday, 2 August, 2012",13:40:00,08/02/12 13:40,511,25.73092,-79.24904,M
"Sunday, 10 February, 2013",11:31:00,02/10/13 11:31,708,25.73308,-79.25163,H
"Sunday, 10 February, 2013",11:36:00,02/10/13 11:36,708,25.73182,-79.26269,H
"Sunday, 10 February, 2013",11:41:00,02/10/13 11:41,708,25.73001,-79.25391,H
"Sunday, 10 February, 2013",11:46:00,02/10/13 11:46,708,25.72849,-79.25449,H
"Sunday, 10 February, 2013",11:51:00,02/10/13 11:51,708,25.72728,-79.25446,H
"Sunday, 10 February, 2013",11:56:00,02/10/13 11:56,708,25.7252,-79.25467,H
"Sunday, 10 February, 2013",12:01:00,02/10/13 12:01,708,25.72313,-79.25439,M
"Sunday, 10 February, 2013",13:08:00,02/10/13 13:08,708,25.7214,-79.25282,H
"Sunday, 10 February, 2013",13:13:00,02/10/13 13:13,708,25.71985,-79.25144,L
"Sunday, 10 February, 2013",21:38:00,02/10/13 21:38,708,25.73323,-79.2495,H
"Sunday, 10 February, 2013",21:41:00,02/10/13 21:41,708,25.73188,-79.25019,H
"Sunday, 10 February, 2013",21:46:00,02/10/13 21:46,708,25.73077,-79.24924,H
"Wednesday, 16 July, 2014",12:28:00,7/16/14 12:28,773,25.71133,-79.26965,H
"Wednesday, 16 July, 2014",12:33:00,7/16/14 12:33,773,25.7128,-79.26922,H
"Wednesday, 16 July, 2014",12:38:00,7/16/14 12:38,773,25.71647,-79.26993,H
"Wednesday, 16 July, 2014",12:43:00,7/16/14 12:43,773,25.71839,-79.2689,H
"Wednesday, 16 July, 2014",12:48:00,7/16/14 12:48,773,25.72074,-79.26791,M
"Wednesday, 16 July, 2014",12:53:00,7/16/14 12:53,773,25.72332,-79.2683,H
"Wednesday, 16 July, 2014",12:58:00,7/16/14 12:58,773,25.72592,-79.26745,H
"Wednesday, 16 July, 2014",13:03:00,7/16/14 13:03,773,25.72765,-79.26587,H
"Wednesday, 16 July, 2014",13:08:00,7/16/14 13:08,773,25.72785,-79.26276,H
"Wednesday, 24 July, 2013",11:57:00,7/24/13 11:57,85F,25.7308,-79.24857,M
"Wednesday, 24 July, 2013",12:02:00,7/24/13 12:02,85F,25.72954,-79.24963,L
"Wednesday, 24 July, 2013",12:07:00,7/24/13 12:07,85F,25.72829,-79.25042,L
"Wednesday, 24 July, 2013",12:12:00,7/24/13 12:12,85F,25.72707,-79.2505,L
"Wednesday, 24 July, 2013",12:17:00,7/24/13 12:17,85F,25.72627,-79.25176,L
"Wednesday, 24 July, 2013",12:22:00,7/24/13 12:22,85F,25.72741,-79.25184,L
"Wednesday, 24 July, 2013",12:27:00,7/24/13 12:27,85F,25.72823,-79.2515,L
"Wednesday, 24 July, 2013",12:32:00,7/24/13 12:32,85F,25.7291,-79.25088,L
"Wednesday, 24 July, 2013",12:37:00,7/24/13 12:37,85F,25.72782,-79.25098,L
"Wednesday, 24 July, 2013",12:42:00,7/24/13 12:42,85F,25.72652,-79.25107,L
"Wednesday, 24 July, 2013",12:47:00,7/24/13 12:47,85F,25.72404,-79.25185,L
"Wednesday, 24 July, 2013",12:52:00,7/24/13 12:52,85F,25.72614,-79.25041,L
"Wednesday, 24 July, 2013",12:59:00,7/24/13 12:59,85F,25.72406,-79.25095,L
"Wednesday, 24 July, 2013",13:04:00,7/24/13 13:04,85F,25.72305,-79.252,L
"Wednesday, 24 July, 2013",13:09:00,7/24/13 13:09,85F,25.72144,-79.25178,L
"Wednesday, 24 July, 2013",13:14:00,7/24/13 13:14,85F,25.72014,-79.25197,H
"Wednesday, 24 July, 2013",13:20:00,7/24/13 13:20,85F,25.71835,-79.25165,L
"Wednesday, 24 July, 2013",13:27:00,7/24/13 13:27,85F,25.7165,-79.25107,L
"Wednesday, 24 July, 2013",13:32:00,7/24/13 13:32,85F,25.71597,-79.24971,L
"Wednesday, 24 July, 2013",13:37:00,7/24/13 13:37,85F,25.71732,-79.24917,L
"Wednesday, 24 July, 2013",13:44:00,7/24/13 13:44,85F,25.71882,-79.24752,L
"Wednesday, 24 July, 2013",13:49:00,7/24/13 13:49,85F,25.71978,-79.24636,L
"Wednesday, 24 July, 2013",13:54:00,7/24/13 13:54,85F,25.72095,-79.22671,H
"Wednesday, 24 July, 2013",13:59:00,7/24/13 13:59,85F,25.72202,-79.24476,L
"Wednesday, 24 July, 2013",14:05:00,7/24/13 14:05,85F,25.72344,-79.24427,L
"Wednesday, 24 July, 2013",14:09:00,7/24/13 14:09,85F,25.72325,-79.24478,L
"Wednesday, 24 July, 2013",14:14:00,7/24/13 14:14,85F,25.72208,-79.24487,L
"Wednesday, 24 July, 2013",14:19:00,7/24/13 14:19,85F,25.72108,-79.24468,L
"Wednesday, 24 July, 2013",14:24:00,7/24/13 14:24,85F,25.71974,-79.24437,H
"Wednesday, 24 July, 2013",14:29:00,7/24/13 14:29,85F,25.71843,-79.24421,L
"Wednesday, 24 July, 2013",14:34:00,7/24/13 14:34,85F,25.71732,-79.24387,L
"Wednesday, 24 July, 2013",14:39:00,7/24/13 14:39,85F,25.71623,-79.24457,L
"Wednesday, 24 July, 2013",14:44:00,7/24/13 14:44,85F,25.71558,-79.24548,L
"Wednesday, 24 July, 2013",14:49:00,7/24/13 14:49,85F,25.71521,-79.24485,L
"Wednesday, 24 July, 2013",14:54:00,7/24/13 14:54,85F,25.71659,-79.24648,L
"Wednesday, 24 July, 2013",14:59:00,7/24/13 14:59,85F,25.71714,-79.247,L
"Wednesday, 24 July, 2013",15:04:00,7/24/13 15:04,85F,25.71675,-79.24775,L
"Wednesday, 24 July, 2013",15:09:00,7/24/13 15:09,85F,25.71546,-79.24816,L
"Thursday, 25 July, 2013",12:05:00,7/25/13 12:05,85F,25.73388,-79.24864,M
"Thursday, 25 July, 2013",12:09:00,7/25/13 12:09,85F,25.73464,-79.24953,M
"Thursday, 25 July, 2013",12:19:00,7/25/13 12:19,85F,25.73466,-79.25199,M
"Thursday, 25 July, 2013",12:24:00,7/25/13 12:24,85F,25.73414,-79.25253,M
"Thursday, 25 July, 2013",12:29:00,7/25/13 12:29,85F,25.73343,-79.25198,M
"Thursday, 25 July, 2013",12:35:00,7/25/13 12:35,85F,25.73367,-79.25027,L
"Thursday, 25 July, 2013",12:45:00,7/25/13 12:45,85F,25.73331,-79.24864,L
"Thursday, 25 July, 2013",12:50:00,7/25/13 12:50,85F,25.73292,-79.24993,L
"Thursday, 25 July, 2013",12:54:00,7/25/13 12:54,85F,25.73179,-79.25132,L
"Thursday, 25 July, 2013",13:01:00,7/25/13 13:01,85F,25.73081,-79.2518,L
"Thursday, 25 July, 2013",13:06:00,7/25/13 13:06,85F,25.72958,-79.25209,L
"Thursday, 25 July, 2013",13:11:00,7/25/13 13:11,85F,25.72831,-79.25261,L
"Thursday, 25 July, 2013",13:16:00,7/25/13 13:16,85F,25.72729,-79.25273,L
"Thursday, 25 July, 2013",13:21:00,7/25/13 13:21,85F,25.72658,-79.25292,L
"Thursday, 25 July, 2013",13:26:00,7/25/13 13:26,85F,25.7253,-79.25299,L
"Thursday, 25 July, 2013",13:31:00,7/25/13 13:31,85F,25.72434,-79.25223,L
"Thursday, 25 July, 2013",13:36:00,7/25/13 13:36,85F,25.72333,-79.25211,L
"Thursday, 25 July, 2013",13:41:00,7/25/13 13:41,85F,25.72211,-79.25154,L
"Thursday, 25 July, 2013",13:46:00,7/25/13 13:46,85F,25.7212,-79.25108,L
"Thursday, 25 July, 2013",13:51:00,7/25/13 13:51,85F,25.72149,-79.25035,L
"Thursday, 25 July, 2013",13:56:00,7/25/13 13:56,85F,25.72233,-79.2494,L
"Thursday, 25 July, 2013",14:01:00,7/25/13 14:01,85F,25.72296,-79.24804,L
"Thursday, 25 July, 2013",14:06:00,7/25/13 14:06,85F,25.72365,-79.24659,L
"Thursday, 25 July, 2013",14:15:00,7/25/13 14:15,85F,25.72175,-79.24552,L
"Thursday, 25 July, 2013",14:20:00,7/25/13 14:20,85F,25.72062,-79.24479,H
"Thursday, 25 July, 2013",14:25:00,7/25/13 14:25,85F,25.7209,-79.24371,L
"Thursday, 25 July, 2013",14:30:00,7/25/13 14:30,85F,25.72178,-79.24296,L
"Thursday, 25 July, 2013",14:35:00,7/25/13 14:35,85F,25.7226,-79.24271,L
"Thursday, 25 July, 2013",14:40:00,7/25/13 14:40,85F,25.72375,-79.24215,L
"Thursday, 25 July, 2013",14:45:00,7/25/13 14:45,85F,25.72441,-79.24203,L
"Thursday, 25 July, 2013",14:50:00,7/25/13 14:50,85F,25.72542,-79.24178,L
"Thursday, 25 July, 2013",14:55:00,7/25/13 14:55,85F,25.72659,-79.24105,L
"Thursday, 25 July, 2013",15:00:00,7/25/13 15:00,85F,25.72592,-79.24055,L
"Thursday, 25 July, 2013",15:26:00,7/25/13 15:26,85F,25.73239,-79.24107,L
"Thursday, 25 July, 2013",15:31:00,7/25/13 15:31,85F,25.73383,-79.24004,L
"Thursday, 25 July, 2013",15:35:00,7/25/13 15:35,85F,25.73461,-79.23823,L
"Thursday, 25 July, 2013",15:40:00,7/25/13 15:40,85F,25.73379,-79.23731,L
"Thursday, 25 July, 2013",15:45:00,7/25/13 15:45,85F,25.73196,-79.23633,L
"Thursday, 25 July, 2013",15:50:00,7/25/13 15:50,85F,25.7316,-79.23733,L
"Thursday, 25 July, 2013",15:55:00,7/25/13 15:55,85F,25.73077,-79.23802,L
"Thursday, 25 July, 2013",16:00:00,7/25/13 16:00,85F,25.73918,-79.23771,L
"Thursday, 25 July, 2013",16:05:00,7/25/13 16:05,85F,25.72811,-79.23764,L
"Thursday, 25 July, 2013",16:10:00,7/25/13 16:10,85F,25.72709,-79.23745,L
"Thursday, 25 July, 2013",16:15:00,7/25/13 16:15,85F,25.72595,-79.23729,L
"Thursday, 25 July, 2013",16:20:00,7/25/13 16:20,85F,25.72509,-79.23727,L
"Thursday, 25 July, 2013",16:25:00,7/25/13 16:25,85F,25.72645,-79.2385,L
"Thursday, 25 July, 2013",16:27:00,7/25/13 16:27,85F,25.7264,-79.2365,L
"Thursday, 25 July, 2013",16:30:00,7/25/13 16:30,85F,25.72551,-79.23855,L
"Thursday, 25 July, 2013",16:35:00,7/25/13 16:35,85F,25.72481,-79.23826,L
"Thursday, 25 July, 2013",16:40:00,7/25/13 16:40,85F,25.72594,-79.23794,L
"Thursday, 25 July, 2013",16:45:00,7/25/13 16:45,85F,25.72712,-79.23777,L
"Thursday, 25 July, 2013",16:50:00,7/25/13 16:50,85F,25.72842,-79.23676,L
"Thursday, 25 July, 2013",16:55:00,7/25/13 16:55,85F,25.72975,-79.236,L
"Thursday, 25 July, 2013",17:00:00,7/25/13 17:00,85F,25.73118,-79.23556,L
"Friday, 26 July, 2013",12:30:00,7/26/13 12:30,85F,25.73607,-79.24712,M
"Friday, 26 July, 2013",12:35:00,7/26/13 12:35,85F,25.73753,-79.24843,M
"Friday, 26 July, 2013",12:46:00,7/26/13 12:46,85F,25.73515,-79.24821,M
"Friday, 26 July, 2013",12:57:00,7/26/13 12:57,85F,25.73439,-79.25032,M
"Friday, 26 July, 2013",13:02:00,7/26/13 13:02,85F,25.73519,-79.25144,M
"Friday, 26 July, 2013",13:09:00,7/26/13 13:09,85F,25.73443,-79.25324,M
"Friday, 26 July, 2013",13:15:00,7/26/13 13:15,85F,25.73373,-79.25288,L
"Friday, 26 July, 2013",13:20:00,7/26/13 13:20,85F,25.73293,-79.25212,L
"Friday, 26 July, 2013",13:25:00,7/26/13 13:25,85F,25.73137,-79.25229,L
"Friday, 26 July, 2013",13:30:00,7/26/13 13:30,85F,25.73051,-79.25053,L
"Friday, 26 July, 2013",13:35:00,7/26/13 13:35,85F,25.72909,-79.25025,L
"Friday, 26 July, 2013",13:41:00,7/26/13 13:41,85F,25.72867,-79.25007,L
"Friday, 26 July, 2013",13:46:00,7/26/13 13:46,85F,25.72623,-79.24989,L
"Friday, 26 July, 2013",13:52:00,7/26/13 13:52,85F,25.72524,-79.24886,L
"Friday, 26 July, 2013",13:57:00,7/26/13 13:57,85F,25.72479,-79.24856,L
"Friday, 26 July, 2013",14:03:00,7/26/13 14:03,85F,25.72355,-79.24869,L
"Friday, 26 July, 2013",14:08:00,7/26/13 14:08,85F,25.72519,-79.24944,L
"Friday, 26 July, 2013",14:14:00,7/26/13 14:14,85F,25.72536,-79.24963,L
"Friday, 26 July, 2013",14:19:00,7/26/13 14:19,85F,25.72565,-79.2503,L
"Friday, 26 July, 2013",14:30:00,7/26/13 14:30,85F,25.72825,-79.24981,L
"Friday, 26 July, 2013",14:37:00,7/26/13 14:37,85F,25.72988,-79.24921,L
"Friday, 26 July, 2013",14:42:00,7/26/13 14:42,85F,25.73032,-79.24888,L
"Friday, 26 July, 2013",15:48:00,7/26/13 15:48,85F,25.73245,-79.24726,L
"Friday, 26 July, 2013",15:53:00,7/26/13 15:53,85F,25.73145,-79.24755,L
"Friday, 26 July, 2013",15:59:00,7/26/13 15:59,85F,25.73002,-79.24769,L
"Friday, 26 July, 2013",16:05:00,7/26/13 16:05,85F,25.72913,-79.24576,L
"Friday, 26 July, 2013",16:08:00,7/26/13 16:08,85F,25.7283,-79.24465,L
"Friday, 26 July, 2013",16:12:00,7/26/13 16:12,85F,25.72833,-79.24403,L
"Friday, 26 July, 2013",16:16:00,7/26/13 16:16,85F,25.72835,-79.24418,L
"Friday, 26 July, 2013",16:21:00,7/26/13 16:21,85F,25.72844,-79.24663,L
"Friday, 26 July, 2013",16:37:00,7/26/13 16:37,85F,25.72933,-79.24679,L
"Friday, 26 July, 2013",16:41:00,7/26/13 16:41,85F,25.72847,-79.22677,L
"Friday, 26 July, 2013",16:46:00,7/26/13 16:46,85F,25.7284,-79.24519,L
"Friday, 26 July, 2013",16:51:00,7/26/13 16:51,85F,25.72841,-79.24411,L
"Friday, 26 July, 2013",16:56:00,7/26/13 16:56,85F,25.72859,-79.24432,L
"Wednesday, 3 October, 2012",09:50:00,10/03/12 09:50,C25A,25.73793,-79.24606,M
"Wednesday, 3 October, 2012",09:55:00,10/03/12 09:55,C25A,25.73694,-79.24573,L
"Wednesday, 3 October, 2012",10:00:00,10/03/12 10:00,C25A,25.7372,-79.24615,H
"Wednesday, 3 October, 2012",10:10:00,10/03/12 10:10,C25A,25.73416,-79.24849,M
"Wednesday, 3 October, 2012",10:15:00,10/03/12 10:15,C25A,25.73305,-79.25111,H
"Wednesday, 3 October, 2012",10:20:00,10/03/12 10:20,C25A,25.73351,-79.24931,H
"Wednesday, 3 October, 2012",10:25:00,10/03/12 10:25,C25A,25.73506,-79.25042,M
"Wednesday, 3 October, 2012",12:30:00,10/03/12 12:30,C25A,25.73615,-79.2489,H
"Wednesday, 3 October, 2012",12:35:00,10/03/12 12:35,C25A,25.73636,-79.25005,M
"Wednesday, 3 October, 2012",12:40:00,10/03/12 12:40,C25A,25.73625,-79.25067,H
"Wednesday, 3 October, 2012",12:50:00,10/03/12 12:50,C25A,25.73585,-79.25197,H
"Wednesday, 3 October, 2012",13:05:00,10/03/12 13:05,C25A,25.73225,-79.25479,H
"Wednesday, 3 October, 2012",13:10:00,10/03/12 13:10,C25A,25.73075,-79.25629,H
"Wednesday, 3 October, 2012",13:20:00,10/03/12 13:20,C25A,25.73022,-79.25713,H
"Wednesday, 3 October, 2012",13:26:00,10/03/12 13:26,C25A,25.73069,-79.25648,H
"Wednesday, 3 October, 2012",15:07:00,10/03/12 15:07,C25A,25.72589,-79.25237,H
"Monday, 11 February, 2013",23:20:00,02/11/13 23:20,C25B,25.73466,-79.25018,M
"Monday, 11 February, 2013",23:25:00,02/11/13 23:25,C25B,25.73339,-79.2496,H
"Monday, 11 February, 2013",23:30:00,02/11/13 23:30,C25B,25.73394,-79.25008,M
"Monday, 11 February, 2013",23:35:00,02/11/13 23:35,C25B,25.73372,-79.2493,M
"Monday, 11 February, 2013",23:40:00,02/11/13 23:40,C25B,25.7339,-79.25113,H
"Monday, 11 February, 2013",23:59:00,02/11/13 23:59,C25B,25.73125,-79.25413,H
"Tuesday, 12 February, 2013",00:00:00,02/12/13 00:00,C25B,25.72466,-79.27052,H
"Tuesday, 12 February, 2013",00:05:00,02/12/13 00:05,C25B,25.727,-79.25407,H
"Tuesday, 12 February, 2013",00:08:00,02/12/13 00:08,C25B,25.73524,-79.25317,H
"Tuesday, 12 February, 2013",00:13:00,02/12/13 00:13,C25B,25.73325,-79.25341,M
"Tuesday, 12 February, 2013",00:18:00,02/12/13 00:18,C25B,25.73217,-79.25311,H
"Tuesday, 12 February, 2013",00:28:00,02/12/13 00:28,C25B,25.73098,-79.25538,H
"Tuesday, 12 February, 2013",00:45:00,02/12/13 00:45,C25B,25.72773,-79.25475,H
"Tuesday, 12 February, 2013",00:55:00,02/12/13 00:55,C25B,25.72753,-79.25462,M
"Tuesday, 12 February, 2013",01:00:00,02/12/13 01:00,C25B,25.72608,-79.25404,H
"Tuesday, 12 February, 2013",23:42:00,02/12/13 23:42,C25B,25.73417,-79.24934,M
"Tuesday, 12 February, 2013",23:53:00,02/12/13 23:53,C25B,25.73483,-79.25038,H
"Tuesday, 12 February, 2013",23:58:00,02/12/13 23:58,C25B,25.73512,-79.25149,M
"Tuesday, 2 October, 2012",12:38:00,10/02/12 12:38,C69A,25.73465,-79.24775,M
"Tuesday, 2 October, 2012",12:57:00,10/02/12 12:57,C69A,25.73574,-79.24864,M
"Tuesday, 2 October, 2012",13:03:00,10/02/12 13:03,C69A,25.73553,-79.24843,M
"Tuesday, 2 October, 2012",13:09:00,10/02/12 13:09,C69A,25.73492,-79.2481,M
"Tuesday, 2 October, 2012",13:14:00,10/02/12 13:14,C69A,25.73499,-79.24849,M
"Tuesday, 2 October, 2012",13:19:00,10/02/12 13:19,C69A,25.73505,-79.2489,M
"Tuesday, 2 October, 2012",13:25:00,10/02/12 13:25,C69A,25.73547,-79.25009,M
"Tuesday, 2 October, 2012",13:30:00,10/02/12 13:30,C69A,25.73536,-79.25059,M
"Tuesday, 2 October, 2012",13:35:00,10/02/12 13:35,C69A,25.73477,-79.24806,M
"Tuesday, 2 October, 2012",13:46:00,10/02/12 13:46,C69A,25.73523,-79.25101,M
"Tuesday, 2 October, 2012",13:54:00,10/02/12 13:54,C69A,25.73513,-79.25023,M
"Tuesday, 2 October, 2012",13:59:00,10/02/12 13:59,C69A,25.7349,-79.24782,M
"Tuesday, 2 October, 2012",14:05:00,10/02/12 14:05,C69A,25.73454,-79.24699,M
"Tuesday, 2 October, 2012",14:10:00,10/02/12 14:10,C69A,25.73433,-79.24669,M
"Tuesday, 2 October, 2012",14:15:00,10/02/12 14:15,C69A,25.73469,-79.24733,M
"Tuesday, 2 October, 2012",14:20:00,10/02/12 14:20,C69A,25.73476,-79.24751,M
"Tuesday, 2 October, 2012",14:25:00,10/02/12 14:25,C69A,25.73447,-79.24718,M
"Tuesday, 2 October, 2012",14:30:00,10/02/12 14:30,C69A,25.73456,-79.24649,L
"Tuesday, 2 October, 2012",14:35:00,10/02/12 14:35,C69A,25.73502,-79.24692,L
"Tuesday, 2 October, 2012",14:40:00,10/02/12 14:40,C69A,25.73417,-79.2461,L
"Tuesday, 2 October, 2012",14:55:00,10/02/12 14:55,C69A,25.73499,-79.24656,L
"Tuesday, 2 October, 2012",15:00:00,10/02/12 15:00,C69A,25.73361,-79.24652,L
"Tuesday, 2 October, 2012",15:05:00,10/02/12 15:05,C69A,25.73423,-79.24701,L
"Tuesday, 2 October, 2012",15:10:00,10/02/12 15:10,C69A,25.7349,-79.24827,L
"Tuesday, 2 October, 2012",15:15:00,10/02/12 15:15,C69A,25.73525,-79.24856,L
"Tuesday, 2 October, 2012",15:20:00,10/02/12 15:20,C69A,25.73543,-79.24879,L
"Wednesday, 3 October, 2012",15:55:00,10/03/12 15:55,C69A,25.73361,-79.248573,L
"Wednesday, 3 October, 2012",16:00:00,10/03/12 16:00,C69A,25.73382,-79.24685,L
"Wednesday, 3 October, 2012",16:08:00,10/03/12 16:08,C69A,25.7315,-79.24804,L
"Wednesday, 3 October, 2012",16:13:00,10/03/12 16:13,C69A,25.73276,-79.24849,L
"Wednesday, 3 October, 2012",16:18:00,10/03/12 16:18,C69A,25.73389,-79.25011,L
"Wednesday, 3 October, 2012",16:25:00,10/03/12 16:25,C69A,25.73345,-79.24987,L
"Wednesday, 3 October, 2012",16:30:00,10/03/12 16:30,C69A,25.73382,-79.25066,L
"Wednesday, 3 October, 2012",16:42:00,10/03/12 16:42,C69A,25.73354,-79.24835,L
"Wednesday, 3 October, 2012",16:47:00,10/03/12 16:47,C69A,25.73244,-79.24659,L
"Wednesday, 3 October, 2012",16:55:00,10/03/12 16:55,C69A,25.73247,-79.24629,L
"Wednesday, 3 October, 2012",17:05:00,10/03/12 17:05,C69A,25.73319,-79.24968,L
"Wednesday, 3 October, 2012",17:12:00,10/03/12 17:12,C69A,25.73411,-79.24934,L
"Wednesday, 3 October, 2012",17:18:00,10/03/12 17:18,C69A,25.73283,-79.24779,M
"Wednesday, 19 March, 2014",12:28:00,3/19/14 12:28,C69B,25.74594,-79.24051,H
"Wednesday, 19 March, 2014",12:35:00,3/19/14 12:35,C69B,25.7446,-79.24097,L
"Wednesday, 19 March, 2014",12:40:00,3/19/14 12:40,C69B,25.7434,-79.24151,H
"Wednesday, 19 March, 2014",12:50:00,3/19/14 12:50,C69B,25.74028,-79.24073,H
"Wednesday, 19 March, 2014",12:55:00,3/19/14 12:55,C69B,25.7371,-79.24019,H
"Wednesday, 19 March, 2014",13:00:00,3/19/14 13:00,C69B,25.73588,-79.24039,H
"Wednesday, 19 March, 2014",13:05:00,3/19/14 13:05,C69B,25.73484,-79.24047,H
"Wednesday, 19 March, 2014",13:10:00,3/19/14 13:10,C69B,25.7373,-79.23966,H
"Wednesday, 19 March, 2014",13:15:00,3/19/14 13:15,C69B,25.73916,-79.24002,H
"Wednesday, 19 March, 2014",13:20:00,3/19/14 13:20,C69B,25.74059,-79.24058,H
"Wednesday, 19 March, 2014",13:25:00,3/19/14 13:25,C69B,25.74242,-79.24077,H
"Wednesday, 19 March, 2014",13:30:00,3/19/14 13:30,C69B,25.74414,-79.24113,H
"Wednesday, 19 March, 2014",13:37:00,3/19/14 13:37,C69B,25.74668,-79.24098,H
"Wednesday, 19 March, 2014",13:44:00,3/19/14 13:44,C69B,25.74717,-79.24143,M
"Wednesday, 19 March, 2014",13:49:00,3/19/14 13:49,C69B,25.74754,-79.24204,M
"Wednesday, 19 March, 2014",13:54:00,3/19/14 13:54,C69B,25.74625,-79.24163,M
"Wednesday, 19 March, 2014",13:59:00,3/19/14 13:59,C69B,25.74505,-79.24107,M
"Wednesday, 19 March, 2014",14:04:00,3/19/14 14:04,C69B,25.74492,-79.24095,M
"Wednesday, 19 March, 2014",14:09:00,3/19/14 14:09,C69B,25.74247,-79.24105,M
"Wednesday, 19 March, 2014",14:14:00,3/19/14 14:14,C69B,25.74001,-79.24031,M
"Wednesday, 19 March, 2014",14:19:00,3/19/14 14:19,C69B,25.73779,-79.23981,M
"Wednesday, 19 March, 2014",14:28:00,3/19/14 14:28,C69B,25.73733,-79.23882,M
"Wednesday, 19 March, 2014",14:33:00,3/19/14 14:33,C69B,25.73803,-79.23919,M
"Wednesday, 19 March, 2014",14:38:00,3/19/14 14:38,C69B,25.74066,-79.24026,M
"Wednesday, 19 March, 2014",14:43:00,3/19/14 14:43,C69B,25.74164,-79.2405,M
"Wednesday, 19 March, 2014",14:53:00,3/19/14 14:53,C69B,25.74589,-79.24033,M
"Wednesday, 19 March, 2014",14:58:00,3/19/14 14:58,C69B,25.74484,-79.24032,M
"Wednesday, 19 March, 2014",15:03:00,3/19/14 15:03,C69B,25.74655,-79.23968,M
"Wednesday, 19 March, 2014",15:14:00,3/19/14 15:14,C69B,25.74919,-79.23902,M
"Wednesday, 19 March, 2014",15:23:00,3/19/14 15:23,C69B,25.74576,-79.23811,M
"Wednesday, 19 March, 2014",15:28:00,3/19/14 15:28,C69B,25.74259,-79.24059,M
"Wednesday, 19 March, 2014",15:35:00,3/19/14 15:35,C69B,25.73992,-79.23937,M
"Thursday, 20 March, 2014",13:05:00,3/20/14 13:05,C69B,25.73837,-79.23991,H
"Thursday, 20 March, 2014",13:10:00,3/20/14 13:10,C69B,25.73627,-79.24004,H
"Thursday, 20 March, 2014",14:15:00,3/20/14 14:15,C69B,25.73015,-79.2511,M
"Saturday, 22 March, 2014",13:37:00,3/22/14 13:37,C69B,25.73417,-79.25135,L
"Saturday, 22 March, 2014",13:42:00,3/22/14 13:42,C69B,25.73337,-79.24989,H
"Saturday, 22 March, 2014",13:52:00,3/22/14 13:52,C69B,25.73417,-79.24921,H
"Saturday, 22 March, 2014",13:57:00,3/22/14 13:57,C69B,25.73473,-79.25025,H
"Saturday, 22 March, 2014",14:02:00,3/22/14 14:02,C69B,25.73495,-79.252,H
"Saturday, 22 March, 2014",14:07:00,3/22/14 14:07,C69B,25.73466,-79.25337,H
"Saturday, 22 March, 2014",14:12:00,3/22/14 14:12,C69B,25.73439,-79.25185,H
"Saturday, 22 March, 2014",14:17:00,3/22/14 14:17,C69B,25.73336,-79.2519,H
"Saturday, 22 March, 2014",14:22:00,3/22/14 14:22,C69B,25.73291,-79.25089,H
"Saturday, 22 March, 2014",14:27:00,3/22/14 14:27,C69B,25.73261,-79.25111,H
"Saturday, 22 March, 2014",14:32:00,3/22/14 14:32,C69B,25.73213,-79.25207,H
"Saturday, 22 March, 2014",15:00:00,3/22/14 15:00,C69B,25.73253,-79.25092,H
"Saturday, 22 March, 2014",15:15:00,3/22/14 15:15,C69B,25.73284,-79.25146,H
"Sunday, 23 March, 2014",11:24:00,3/23/14 11:24,C69B,25.7346,-79.24009,H
"Sunday, 23 March, 2014",11:29:00,3/23/14 11:29,C69B,25.73441,-79.23983,H
"Sunday, 23 March, 2014",11:36:00,3/23/14 11:36,C69B,25.73501,-79.23986,H
"Sunday, 23 March, 2014",11:41:00,3/23/14 11:41,C69B,25.73396,-79.24635,M
"Sunday, 23 March, 2014",11:46:00,3/23/14 11:46,C69B,25.73276,-79.24702,L
"Sunday, 23 March, 2014",11:51:00,3/23/14 11:51,C69B,25.73133,-79.24173,M
"Sunday, 23 March, 2014",11:56:00,3/23/14 11:56,C69B,25.7303,-79.24301,M
"Sunday, 23 March, 2014",12:01:00,3/23/14 12:01,C69B,25.73035,-79.24387,M
"Sunday, 23 March, 2014",12:06:00,3/23/14 12:06,C69B,25.73084,-79.24313,M
"Sunday, 23 March, 2014",12:11:00,3/23/14 12:11,C69B,25.73104,-79.24251,M
"Sunday, 23 March, 2014",12:16:00,3/23/14 12:16,C69B,25.73193,-79.24182,M
"Sunday, 23 March, 2014",12:21:00,3/23/14 12:21,C69B,25.7328,-79.24131,M
"Sunday, 23 March, 2014",12:25:00,3/23/14 12:25,C69B,25.73388,-79.24016,M
"Sunday, 23 March, 2014",12:31:00,3/23/14 12:31,C69B,25.73554,-79.23983,M
"Sunday, 23 March, 2014",12:36:00,3/23/14 12:36,C69B,25.73774,-79.23971,M
"Sunday, 23 March, 2014",12:41:00,3/23/14 12:41,C69B,25.73949,-79.24013,M
"Sunday, 23 March, 2014",12:46:00,3/23/14 12:46,C69B,25.74108,-79.24044,M
"Sunday, 23 March, 2014",12:51:00,3/23/14 12:51,C69B,25.74201,-79.24072,M
"Sunday, 23 March, 2014",12:56:00,3/23/14 12:56,C69B,25.74367,-79.24117,H
"Sunday, 23 March, 2014",13:01:00,3/23/14 13:01,C69B,25.74561,-79.24109,H
"Sunday, 23 March, 2014",13:06:00,3/23/14 13:06,C69B,25.74648,-79.24128,H
"Sunday, 23 March, 2014",13:11:00,3/23/14 13:11,C69B,25.74677,-79.24199,H
"Sunday, 23 March, 2014",13:16:00,3/23/14 13:16,C69B,25.74541,-79.24129,H
"Sunday, 23 March, 2014",13:21:00,3/23/14 13:21,C69B,25.74457,-79.24089,H
"Sunday, 23 March, 2014",13:26:00,3/23/14 13:26,C69B,25.74263,-79.24081,H
"Sunday, 23 March, 2014",13:30:00,3/23/14 13:30,C69B,25.74044,-79.24032,H
"Sunday, 23 March, 2014",13:31:00,3/23/14 13:31,C69B,25.74119,-79.24043,H
"Sunday, 23 March, 2014",13:35:00,3/23/14 13:35,C69B,25.73854,-79.23987,H
"Sunday, 23 March, 2014",13:40:00,3/23/14 13:40,C69B,25.73522,-79.24028,H
"Sunday, 23 March, 2014",13:45:00,3/23/14 13:45,C69B,25.73303,-79.241,H
"Sunday, 23 March, 2014",13:50:00,3/23/14 13:50,C69B,25.73093,-79.24274,H
"Sunday, 23 March, 2014",13:55:00,3/23/14 13:55,C69B,25.73001,-79.24583,H
"Sunday, 23 March, 2014",14:08:00,3/23/14 14:08,C69B,25.73037,-79.24988,L
"Sunday, 23 March, 2014",14:22:00,3/23/14 14:22,C69B,25.72911,-79.2544,H
"Sunday, 23 March, 2014",15:00:00,3/23/14 15:00,C69B,25.73406,-79.25278,H
"Sunday, 23 March, 2014",15:08:00,3/23/14 15:08,C69B,25.73395,-79.25025,H
"Sunday, 23 March, 2014",15:20:00,3/23/14 15:20,C69B,25.73415,-79.25122,H
"Wednesday, 24 July, 2013",13:14:00,7/24/13 13:14,C69C,25.73247,-79.24106,L
"Wednesday, 24 July, 2013",13:20:00,7/24/13 13:20,C69C,25.7342,-79.23825,L
"Wednesday, 24 July, 2013",13:25:00,7/24/13 13:25,C69C,25.73475,-79.23832,L
"Wednesday, 24 July, 2013",13:30:00,7/24/13 13:30,C69C,25.73688,-79.23932,H
"Wednesday, 24 July, 2013",13:35:00,7/24/13 13:35,C69C,25.73869,-79.23888,L
"Wednesday, 24 July, 2013",13:45:00,7/24/13 13:45,C69C,25.74115,-79.23855,L
"Wednesday, 24 July, 2013",13:50:00,7/24/13 13:50,C69C,25.74157,-79.23909,L
"Wednesday, 24 July, 2013",14:01:00,7/24/13 14:01,C69C,25.74059,-79.23828,L
"Wednesday, 24 July, 2013",14:05:00,7/24/13 14:05,C69C,25.74043,-79.23911,L
"Wednesday, 24 July, 2013",14:11:00,7/24/13 14:11,C69C,25.74232,-79.24039,L
"Wednesday, 24 July, 2013",14:17:00,7/24/13 14:17,C69C,25.7445,-79.24011,L
"Wednesday, 24 July, 2013",14:22:00,7/24/13 14:22,C69C,25.74592,-79.24002,L
"Wednesday, 24 July, 2013",14:27:00,7/24/13 14:27,C69C,25.74662,-79.23949,L
"Wednesday, 24 July, 2013",14:32:00,7/24/13 14:32,C69C,25.74637,-79.23982,L
"Wednesday, 24 July, 2013",14:38:00,7/24/13 14:38,C69C,25.74603,-79.23966,L
"Wednesday, 24 July, 2013",14:49:00,7/24/13 14:49,C69C,25.74462,-79.2397,L
"Wednesday, 24 July, 2013",14:55:00,7/24/13 14:55,C69C,25.74416,-79.23978,L
"Wednesday, 24 July, 2013",15:01:00,7/24/13 15:01,C69C,25.7449,-79.2382,L
"Wednesday, 24 July, 2013",15:06:00,7/24/13 15:06,C69C,25.74417,-79.23792,L
"Wednesday, 24 July, 2013",15:08:00,7/24/13 15:08,C69C,25.74448,-79.2381,L
"Wednesday, 24 July, 2013",15:13:00,7/24/13 15:13,C69C,25.74444,-79.2374,L
"Wednesday, 24 July, 2013",15:18:00,7/24/13 15:18,C69C,25.74507,-79.23813,M
"Wednesday, 24 July, 2013",15:23:00,7/24/13 15:23,C69C,25.7446,-79.23777,H
"Wednesday, 24 July, 2013",15:28:00,7/24/13 15:28,C69C,25.74389,-79.23799,L
"Wednesday, 24 July, 2013",15:33:00,7/24/13 15:33,C69C,25.74276,-79.23733,L
"Wednesday, 24 July, 2013",15:38:00,7/24/13 15:38,C69C,25.74191,-79.23818,L
"Wednesday, 24 July, 2013",15:45:00,7/24/13 15:45,C69C,25.74252,-79.23734,L
"Wednesday, 24 July, 2013",15:52:00,7/24/13 15:52,C69C,25.74198,-79.23647,L
"Wednesday, 24 July, 2013",15:58:00,7/24/13 15:58,C69C,25.74074,-79.23612,L
"Wednesday, 24 July, 2013",16:05:00,7/24/13 16:05,C69C,25.74087,-79.23652,L
"Wednesday, 24 July, 2013",16:11:00,7/24/13 16:11,C69C,25.7423,-79.23755,M
"Wednesday, 24 July, 2013",16:18:00,7/24/13 16:18,C69C,25.74312,-79.23787,M
"Wednesday, 24 July, 2013",16:24:00,7/24/13 16:24,C69C,25.74527,-79.23905,M
"Wednesday, 24 July, 2013",16:31:00,7/24/13 16:31,C69C,25.74587,-79.23899,M
"Wednesday, 24 July, 2013",16:36:00,7/24/13 16:36,C69C,25.74507,-79.23857,L
"Wednesday, 24 July, 2013",16:42:00,7/24/13 16:42,C69C,25.74402,-79.23809,M
"Wednesday, 24 July, 2013",16:47:00,7/24/13 16:47,C69C,25.74271,-79.23714,M
"Wednesday, 24 July, 2013",16:52:00,7/24/13 16:52,C69C,25.74177,-79.23672,M
"Wednesday, 24 July, 2013",16:57:00,7/24/13 16:57,C69C,25.74088,-79.23665,M
"Thursday, 25 July, 2013",12:59:00,7/25/13 12:59,C69C,25.74194,-79.23978,L
"Thursday, 25 July, 2013",13:06:00,7/25/13 13:06,C69C,25.74327,-79.24101,L
"Thursday, 25 July, 2013",13:12:00,7/25/13 13:12,C69C,25.74472,-79.2408,L
"Thursday, 25 July, 2013",13:15:00,7/25/13 13:15,C69C,25.74499,-79.24101,L
"Thursday, 25 July, 2013",13:20:00,7/25/13 13:20,C69C,25.74521,-79.24063,L
"Thursday, 25 July, 2013",13:26:00,7/25/13 13:26,C69C,25.74698,-79.24017,L
"Thursday, 25 July, 2013",13:31:00,7/25/13 13:31,C69C,25.74801,-79.24056,L
"Thursday, 25 July, 2013",13:36:00,7/25/13 13:36,C69C,25.7488,-79.2422,L
"Thursday, 25 July, 2013",13:41:00,7/25/13 13:41,C69C,25.74837,-79.24087,L
"Thursday, 25 July, 2013",13:50:00,7/25/13 13:50,C69C,25.74902,-79.24124,L
"Thursday, 25 July, 2013",13:55:00,7/25/13 13:55,C69C,25.75047,-79.24207,L
"Thursday, 25 July, 2013",14:01:00,7/25/13 14:01,C69C,25.75232,-79.24247,L
"Thursday, 25 July, 2013",14:06:00,7/25/13 14:06,C69C,25.75357,-79.2431,L
"Thursday, 25 July, 2013",14:11:00,7/25/13 14:11,C69C,25.75529,-79.24392,L
"Thursday, 25 July, 2013",14:16:00,7/25/13 14:16,C69C,25.75592,-79.24384,L
"Thursday, 25 July, 2013",14:21:00,7/25/13 14:21,C69C,25.75669,-79.24444,L
"Thursday, 25 July, 2013",14:26:00,7/25/13 14:26,C69C,25.75824,-79.24473,L
"Thursday, 25 July, 2013",14:31:00,7/25/13 14:31,C69C,25.76082,-79.24585,L
"Thursday, 25 July, 2013",14:36:00,7/25/13 14:36,C69C,25.76071,-79.24551,L
"Thursday, 25 July, 2013",14:41:00,7/25/13 14:41,C69C,25.76927,-79.2446,L
"Thursday, 25 July, 2013",14:51:00,7/25/13 14:51,C69C,25.75739,-79.24426,L
"Thursday, 25 July, 2013",14:56:00,7/25/13 14:56,C69C,25.75576,-79.24392,L
"Thursday, 25 July, 2013",15:01:00,7/25/13 15:01,C69C,25.75424,-79.24325,L
"Thursday, 25 July, 2013",15:06:00,7/25/13 15:06,C69C,25.75293,-79.24301,L
"Thursday, 25 July, 2013",15:11:00,7/25/13 15:11,C69C,25.75172,-79.24233,L
"Thursday, 25 July, 2013",15:16:00,7/25/13 15:16,C69C,25.75046,-79.24179,L
"Thursday, 25 July, 2013",15:21:00,7/25/13 15:21,C69C,25.74913,-79.24092,L
"Thursday, 25 July, 2013",15:26:00,7/25/13 15:26,C69C,25.7476,-79.23943,L
"Thursday, 25 July, 2013",15:32:00,7/25/13 15:32,C69C,25.74677,-79.24,L
"Thursday, 25 July, 2013",15:38:00,7/25/13 15:38,C69C,25.7454,-79.24032,L
"Thursday, 25 July, 2013",15:40:00,7/25/13 15:40,C69C,25.74512,-79.24048,L
"Thursday, 25 July, 2013",15:46:00,7/25/13 15:46,C69C,25.74433,-79.23907,L
"Thursday, 25 July, 2013",15:51:00,7/25/13 15:51,C69C,25.74322,-79.23907,L
"Thursday, 25 July, 2013",15:56:00,7/25/13 15:56,C69C,25.74253,-79.23828,L
"Thursday, 25 July, 2013",16:01:00,7/25/13 16:01,C69C,25.7417,-79.23817,L
"Thursday, 25 July, 2013",16:07:00,7/25/13 16:07,C69C,25.74088,-79.23816,L
"Thursday, 25 July, 2013",16:13:00,7/25/13 16:13,C69C,25.73983,-79.23888,L
"Thursday, 25 July, 2013",16:21:00,7/25/13 16:21,C69C,25.74013,-79.23806,L
"Thursday, 25 July, 2013",16:26:00,7/25/13 16:26,C69C,25.73933,-79.23868,L
"Thursday, 25 July, 2013",16:31:00,7/25/13 16:31,C69C,25.73978,-79.23907,L
"Thursday, 25 July, 2013",16:36:00,7/25/13 16:36,C69C,25.74107,-79.23901,L
"Thursday, 25 July, 2013",16:41:00,7/25/13 16:41,C69C,25.7417,-79.23778,L
"Thursday, 25 July, 2013",16:46:00,7/25/13 16:46,C69C,25.74153,-79.23643,L
"Thursday, 25 July, 2013",16:51:00,7/25/13 16:51,C69C,25.7409,-79.23648,L
"Thursday, 25 July, 2013",16:56:00,7/25/13 16:56,C69C,25.73598,-79.23631,L
"Thursday, 25 July, 2013",17:00:00,7/25/13 17:00,C69C,25.74058,-79.23672,L
"Friday, 26 July, 2013",14:50:00,7/26/13 14:50,C69C,25.7422,-79.24057,L
"Friday, 26 July, 2013",14:56:00,7/26/13 14:56,C69C,25.74094,-79.23983,L
"Friday, 26 July, 2013",15:00:00,7/26/13 15:00,C69C,25.74013,-79.23931,L
"Friday, 26 July, 2013",15:05:00,7/26/13 15:05,C69C,25.73826,-79.23955,L
"Friday, 26 July, 2013",15:10:00,7/26/13 15:10,C69C,25.73696,-79.23822,L
"Friday, 26 July, 2013",15:15:00,7/26/13 15:15,C69C,25.7365,-79.23983,L
"Saturday, 27 July, 2013",11:20:00,7/27/13 11:20,C69C,25.73963,-79.24051,L
"Saturday, 27 July, 2013",11:27:00,7/27/13 11:27,C69C,25.73988,-79.24044,H
"Saturday, 27 July, 2013",11:33:00,7/27/13 11:33,C69C,25.74187,-79.2409,H
"Saturday, 27 July, 2013",11:37:00,7/27/13 11:37,C69C,25.74355,-79.24097,H
"Saturday, 27 July, 2013",11:41:00,7/27/13 11:41,C69C,25.74318,-79.24093,H
"Saturday, 27 July, 2013",11:46:00,7/27/13 11:46,C69C,25.74192,-79.2406,H
"Saturday, 27 July, 2013",11:51:00,7/27/13 11:51,C69C,25.74013,-79.2402,H
"Saturday, 27 July, 2013",11:56:00,7/27/13 11:56,C69C,25.73866,-79.2398,H
"Saturday, 27 July, 2013",12:01:00,7/27/13 12:01,C69C,25.73699,-79.2397,M
"Saturday, 27 July, 2013",12:06:00,7/27/13 12:06,C69C,25.73564,-79.24012,M
"Saturday, 27 July, 2013",12:11:00,7/27/13 12:11,C69C,25.73375,-79.24062,H
"Saturday, 27 July, 2013",12:16:00,7/27/13 12:16,C69C,25.73278,-79.24103,M
"Saturday, 27 July, 2013",12:21:00,7/27/13 12:21,C69C,25.73256,-79.24128,M
"Saturday, 27 July, 2013",12:26:00,7/27/13 12:26,C69C,25.73358,-79.24081,L
"Saturday, 27 July, 2013",12:31:00,7/27/13 12:31,C69C,25.73293,-79.24091,M
"Saturday, 27 July, 2013",12:36:00,7/27/13 12:36,C69C,25.73243,-79.2411,M
"Saturday, 27 July, 2013",12:46:00,7/27/13 12:46,C69C,25.73071,-79.24288,M
"Saturday, 27 July, 2013",12:52:00,7/27/13 12:52,C69C,25.73058,-79.24342,M
"Saturday, 27 July, 2013",12:58:00,7/27/13 12:58,C69C,25.72994,-79.24665,M
"Sunday, 28 July, 2013",10:43:00,7/28/13 10:43,C69C,25.73535,-79.23899,M
"Sunday, 28 July, 2013",10:48:00,7/28/13 10:48,C69C,25.73573,-79.23801,H
"Sunday, 28 July, 2013",10:58:00,7/28/13 10:58,C69C,25.73304,-79.23836,H
"Sunday, 28 July, 2013",11:03:00,7/28/13 11:03,C69C,25.73098,-79.23776,H
"Sunday, 28 July, 2013",11:09:00,7/28/13 11:09,C69C,25.73154,-79.23914,H
"Sunday, 28 July, 2013",11:31:00,7/28/13 11:31,C69C,25.72539,-79.24489,H
"Sunday, 28 July, 2013",11:39:00,7/28/13 11:39,C69C,25.72695,-79.24743,H
"Sunday, 28 July, 2013",11:43:00,7/28/13 11:43,C69C,25.72553,-79.24915,H
"Sunday, 28 July, 2013",11:48:00,7/28/13 11:48,C69C,25.72486,-79.2505,H
"Sunday, 28 July, 2013",11:53:00,7/28/13 11:53,C69C,25.72373,-79.25319,H
"Sunday, 28 July, 2013",11:59:00,7/28/13 11:59,C69C,25.72461,-79.25466,H
"Sunday, 28 July, 2013",12:04:00,7/28/13 12:04,C69C,25.72604,-79.25684,H
"Sunday, 28 July, 2013",12:09:00,7/28/13 12:09,C69C,25.72625,-79.25796,H
"Sunday, 28 July, 2013",12:14:00,7/28/13 12:14,C69C,25.72509,-79.25943,H
"Sunday, 28 July, 2013",12:19:00,7/28/13 12:19,C69C,25.72371,-79.26125,H
"Sunday, 28 July, 2013",12:26:00,7/28/13 12:26,C69C,25.72512,-79.26279,H
"Sunday, 28 July, 2013",12:36:00,7/28/13 12:36,C69C,25.72565,-79.26489,H
"Sunday, 28 July, 2013",12:41:00,7/28/13 12:41,C69C,25.72619,-79.26617,H
"Sunday, 28 July, 2013",12:46:00,7/28/13 12:46,C69C,25.72702,-79.26716,H
"Sunday, 28 July, 2013",12:51:00,7/28/13 12:51,C69C,25.72711,-79.26888,M
"Sunday, 28 July, 2013",12:56:00,7/28/13 12:56,C69C,25.72779,-79.27152,M
"Sunday, 28 July, 2013",13:21:00,7/28/13 13:21,C69C,25.72687,-79.26701,M
"Sunday, 28 July, 2013",13:26:00,7/28/13 13:26,C69C,25.72707,-79.26385,M
"Sunday, 28 July, 2013",13:33:00,7/28/13 13:33,C69C,25.72809,-79.25965,M
"Sunday, 28 July, 2013",13:43:00,7/28/13 13:43,C69C,25.73071,-79.25649,M
"Sunday, 28 July, 2013",13:49:00,7/28/13 13:49,C69C,25.73168,-79.25488,M
"Sunday, 28 July, 2013",13:54:00,7/28/13 13:54,C69C,25.73257,-79.25472,M
"Sunday, 28 July, 2013",13:59:00,7/28/13 13:59,C69C,25.7323,-79.25375,M
"Sunday, 28 July, 2013",14:04:00,7/28/13 14:04,C69C,25.73291,-79.2522,H
"Sunday, 28 July, 2013",14:17:00,7/28/13 14:17,C69C,25.73379,-79.24927,M
"Sunday, 28 July, 2013",14:25:00,7/28/13 14:25,C69C,25.73452,-79.24842,M
"Sunday, 28 July, 2013",14:30:00,7/28/13 14:30,C69C,25.73566,-79.24709,M
"Sunday, 28 July, 2013",14:38:00,7/28/13 14:38,C69C,25.7353,-79.24739,M
"Sunday, 28 July, 2013",14:43:00,7/28/13 14:43,C69C,25.73482,-79.24858,M
"Sunday, 28 July, 2013",14:48:00,7/28/13 14:48,C69C,25.73422,-79.25079,M
"Sunday, 28 July, 2013",14:53:00,7/28/13 14:53,C69C,25.73355,-79.25009,L
"Sunday, 28 July, 2013",14:58:00,7/28/13 14:58,C69C,25.73372,-79.25102,L
"Sunday, 28 July, 2013",15:03:00,7/28/13 15:03,C69C,25.73358,-79.25194,M
"Sunday, 28 July, 2013",15:08:00,7/28/13 15:08,C69C,25.73276,-79.25311,L
"Sunday, 28 July, 2013",15:13:00,7/28/13 15:13,C69C,25.73152,-79.25333,L
"Sunday, 28 July, 2013",15:19:00,7/28/13 15:19,C69C,25.72908,-79.25359,L
"Sunday, 28 July, 2013",15:24:00,7/28/13 15:24,C69C,25.72883,-79.25407,L
"Sunday, 28 July, 2013",15:29:00,7/28/13 15:29,C69C,25.72747,-79.25402,L
"Sunday, 28 July, 2013",15:34:00,7/28/13 15:34,C69C,25.72696,-79.25444,L
"Sunday, 28 July, 2013",15:41:00,7/28/13 15:41,C69C,25.72012,-79.25647,L
"Sunday, 28 July, 2013",15:46:00,7/28/13 15:46,C69C,25.72803,-79.25656,L
"Sunday, 28 July, 2013",15:51:00,7/28/13 15:51,C69C,25.72634,-79.25747,L
"Sunday, 28 July, 2013",15:56:00,7/28/13 15:56,C69C,25.72543,-79.25867,L
"Sunday, 28 July, 2013",16:01:00,7/28/13 16:01,C69C,25.72551,-79.25972,L
"Sunday, 28 July, 2013",16:03:00,7/28/13 16:03,C69C,25.72497,-79.25862,L
"Sunday, 29 July, 2012",21:03:00,7/29/12 21:03,D40,25.73794,-79.24576,H
"Sunday, 29 July, 2012",21:08:00,7/29/12 21:08,D40,25.73746,-79.24537,H
"Sunday, 29 July, 2012",21:13:00,7/29/12 21:13,D40,25.73703,-79.24429,H
"Sunday, 29 July, 2012",21:19:00,7/29/12 21:19,D40,25.73742,-79.24551,M
"Sunday, 29 July, 2012",21:24:00,7/29/12 21:24,D40,25.73763,-79.24516,M
"Sunday, 29 July, 2012",21:31:00,7/29/12 21:31,D40,25.73804,-79.246,M
"Monday, 30 July, 2012",00:28:00,7/30/12 00:28,D40,25.73632,-79.2471,M
"Monday, 30 July, 2012",02:26:00,7/30/12 02:26,D40,25.72979,-79.2502,L
"Monday, 30 July, 2012",02:41:00,7/30/12 02:41,D40,25.72991,-79.2503,L
"Monday, 30 July, 2012",03:11:00,7/30/12 03:11,D40,25.73054,-79.24924,M
"Monday, 30 July, 2012",09:04:00,7/30/12 09:04,D40,25.73714,-79.24552,H
"Monday, 30 July, 2012",09:35:00,7/30/12 09:35,D40,25.73714,-79.25572,M
"Monday, 30 July, 2012",09:45:00,7/30/12 09:45,D40,25.73699,-79.24582,M
"Monday, 30 July, 2012",09:51:00,7/30/12 09:51,D40,25.73711,-79.24551,M
"Monday, 30 July, 2012",09:56:00,7/30/12 09:56,D40,25.73703,-79.24556,M
"Monday, 30 July, 2012",14:55:00,7/30/12 14:55,D40,25.72905,-79.25126,M
"Monday, 30 July, 2012",15:23:00,7/30/12 15:23,D40,25.72809,-79.25138,M
"Tuesday, 31 July, 2012",00:10:00,7/31/12 00:10,D40,25.73704,-79.24527,H
"Tuesday, 31 July, 2012",00:15:00,7/31/12 00:15,D40,25.73699,-79.24497,M
"Tuesday, 31 July, 2012",09:03:00,7/31/12 09:03,D40,25.73702,-79.24534,H
"Tuesday, 31 July, 2012",09:04:00,7/31/12 09:04,D40,25.73699,-79.24534,M
"Tuesday, 31 July, 2012",09:05:00,7/31/12 09:05,D40,25.73704,-79.24529,M
"Tuesday, 31 July, 2012",09:09:00,7/31/12 09:09,D40,25.73682,-79.2455,M
"Tuesday, 31 July, 2012",09:25:00,7/31/12 09:25,D40,25.73699,-79.24534,H
"Tuesday, 31 July, 2012",09:35:00,7/31/12 09:35,D40,25.73699,-79.2453,H
"Tuesday, 31 July, 2012",09:55:00,7/31/12 09:55,D40,25.73704,-79.24539,H
"Tuesday, 31 July, 2012",10:00:00,7/31/12 10:00,D40,25.73699,-79.24534,H
"Tuesday, 31 July, 2012",10:04:00,7/31/12 10:04,D40,25.73682,-79.2452,H
"Tuesday, 31 July, 2012",10:12:00,7/31/12 10:12,D40,25.73701,-79.24544,M
"Tuesday, 31 July, 2012",10:17:00,7/31/12 10:17,D40,25.73702,-79.24544,L
"Tuesday, 31 July, 2012",10:23:00,7/31/12 10:23,D40,25.73704,-79.24544,H
"Tuesday, 31 July, 2012",10:28:00,7/31/12 10:28,D40,25.73706,-79.24539,M
"Tuesday, 31 July, 2012",10:33:00,7/31/12 10:33,D40,25.73697,-79.24525,H
"Tuesday, 31 July, 2012",10:46:00,7/31/12 10:46,D40,25.73691,-79.24538,M
"Tuesday, 31 July, 2012",10:57:00,7/31/12 10:57,D40,25.73683,-79.24535,M
"Tuesday, 31 July, 2012",11:13:00,7/31/12 11:13,D40,25.73748,-79.24586,M
"Tuesday, 31 July, 2012",11:17:00,7/31/12 11:17,D40,25.73716,-79.24559,M
"Tuesday, 31 July, 2012",11:27:00,7/31/12 11:27,D40,25.73682,-79.24554,M
"Tuesday, 31 July, 2012",11:32:00,7/31/12 11:32,D40,25.73664,-79.24586,M
"Tuesday, 31 July, 2012",11:37:00,7/31/12 11:37,D40,25.73581,-79.2476,M
"Tuesday, 31 July, 2012",11:43:00,7/31/12 11:43,D40,25.73558,-79.24697,M
"Tuesday, 31 July, 2012",13:23:00,7/31/12 13:23,D40,25.73035,-79.25043,L
"Tuesday, 31 July, 2012",13:28:00,7/31/12 13:28,D40,25.73062,-79.25033,L
"Tuesday, 31 July, 2012",13:52:00,7/31/12 13:52,D40,25.73027,-79.25017,L
"Tuesday, 31 July, 2012",13:58:00,7/31/12 13:58,D40,25.73048,-79.25,L
"Tuesday, 31 July, 2012",15:02:00,7/31/12 15:02,D40,25.73039,-79.2501,L
"Tuesday, 31 July, 2012",15:04:00,7/31/12 15:04,D40,25.73022,-79.2502,L
"Tuesday, 31 July, 2012",15:05:00,7/31/12 15:05,D40,25.73031,-79.25016,L
"Tuesday, 31 July, 2012",15:16:00,7/31/12 15:16,D40,25.73048,-79.25021,L
"Tuesday, 31 July, 2012",15:25:00,7/31/12 15:25,D40,25.7304,-79.25004,L
"Tuesday, 31 July, 2012",15:29:00,7/31/12 15:29,D40,25.73041,-79.25012,L
"Tuesday, 31 July, 2012",15:34:00,7/31/12 15:34,D40,25.73048,-79.2501,L
"Tuesday, 31 July, 2012",15:45:00,7/31/12 15:45,D40,25.73042,-79.25007,H
"Tuesday, 31 July, 2012",15:54:00,7/31/12 15:54,D40,25.73034,-79.25073,L
"Wednesday, 1 August, 2012",01:34:00,08/01/12 01:34,D40,25.73817,-79.24522,M
"Wednesday, 1 August, 2012",01:40:00,08/01/12 01:40,D40,25.73777,-79.24557,L
"Wednesday, 1 August, 2012",01:46:00,08/01/12 01:46,D40,25.737,-79.24849,M
"Wednesday, 1 August, 2012",01:51:00,08/01/12 01:51,D40,25.73616,-79.24909,L
"Wednesday, 1 August, 2012",14:14:00,08/01/12 14:14,D40,25.73068,-79.25025,M
"Thursday, 2 August, 2012",15:52:00,08/02/12 15:52,D40,25.73003,-79.24994,L
"Wednesday, 3 September, 2014",16:00:00,09/03/14 16:00,E07,25.72485,-79.24218,H
"Wednesday, 3 September, 2014",16:05:00,09/03/14 16:05,E07,25.72718,-79.24684,H
"Wednesday, 3 September, 2014",16:10:00,09/03/14 16:10,E07,25.72697,-79.24568,H
"Wednesday, 3 September, 2014",16:15:00,09/03/14 16:15,E07,25.72614,-79.24532,H
"Wednesday, 3 September, 2014",16:20:00,09/03/14 16:20,E07,25.72503,-79.24548,H
"Wednesday, 3 September, 2014",16:25:00,09/03/14 16:25,E07,25.72415,-79.24707,H
"Wednesday, 3 September, 2014",16:30:00,09/03/14 16:30,E07,25.72268,-79.24888,H
"Wednesday, 3 September, 2014",16:35:00,09/03/14 16:35,E07,25.72212,-79.25004,H
"Wednesday, 3 September, 2014",16:40:00,09/03/14 16:40,E07,25.72172,-79.25129,H
"Wednesday, 3 September, 2014",16:45:00,09/03/14 16:45,E07,25.72188,-79.2539,H
"Wednesday, 3 September, 2014",16:50:00,09/03/14 16:50,E07,25.72095,-79.25578,L
"Wednesday, 3 September, 2014",16:55:00,09/03/14 16:55,E07,25.72132,-79.25695,H
"Wednesday, 3 September, 2014",17:00:00,09/03/14 17:00,E07,25.7217,-79.25806,H
"Wednesday, 3 September, 2014",17:05:00,09/03/14 17:05,E07,25.72298,-79.25995,H
"Wednesday, 3 September, 2014",17:10:00,09/03/14 17:10,E07,25.72443,-79.2626,H
"Wednesday, 3 September, 2014",17:15:00,09/03/14 17:15,E07,25.7247,-79.26233,H
"Wednesday, 3 September, 2014",17:20:00,09/03/14 17:20,E07,25.72418,-79.26296,H
"Wednesday, 3 September, 2014",17:25:00,09/03/14 17:25,E07,25.72455,-79.26445,H
"Wednesday, 3 September, 2014",17:30:00,09/03/14 17:30,E07,25.72598,-79.26714,H
"Wednesday, 3 September, 2014",17:35:00,09/03/14 17:35,E07,25.72685,-79.26833,H
"Wednesday, 3 September, 2014",17:40:00,09/03/14 17:40,E07,25.72679,-79.26745,H
"Wednesday, 3 September, 2014",17:45:00,09/03/14 17:45,E07,25.72695,-79.26449,H
"Wednesday, 3 September, 2014",17:50:00,09/03/14 17:50,E07,25.72697,-79.26588,H
"Wednesday, 3 September, 2014",17:55:00,09/03/14 17:55,E07,25.72673,-79.26466,H
"Thursday, 4 September, 2014",00:00:00,09/04/14 00:00,E07,25.7366,-79.23607,H
"Thursday, 4 September, 2014",00:05:00,09/04/14 00:05,E07,25.73775,-79.23598,H
"Thursday, 4 September, 2014",00:10:00,09/04/14 00:10,E07,25.7392,-79.23666,H
"Thursday, 4 September, 2014",00:15:00,09/04/14 00:15,E07,25.74089,-79.2369,H
"Thursday, 4 September, 2014",00:20:00,09/04/14 00:20,E07,25.74193,-79.23735,H
"Thursday, 4 September, 2014",00:25:00,09/04/14 00:25,E07,25.74114,-79.23928,H
"Thursday, 4 September, 2014",00:35:00,09/04/14 00:35,E07,25.74095,-79.23963,M
"Thursday, 4 September, 2014",00:40:00,09/04/14 00:40,E07,25.74184,-79.24013,M
"Thursday, 4 September, 2014",00:45:00,09/04/14 00:45,E07,25.74404,-79.24105,M
"Thursday, 4 September, 2014",00:50:00,09/04/14 00:50,E07,25.74494,-79.2401,M
"Thursday, 4 September, 2014",00:55:00,09/04/14 00:55,E07,25.74628,-79.23997,M
"Thursday, 4 September, 2014",01:00:00,09/04/14 01:00,E07,25.74762,-79.24003,M
"Thursday, 4 September, 2014",01:05:00,09/04/14 01:05,E07,25.74804,-79.24109,M
"Thursday, 4 September, 2014",01:10:00,09/04/14 01:10,E07,25.74843,-79.2417,M
"Thursday, 4 September, 2014",01:20:00,09/04/14 01:20,E07,25.74904,-79.24108,M
"Thursday, 4 September, 2014",01:25:00,09/04/14 01:25,E07,25.74968,-79.24167,M
"Thursday, 4 September, 2014",01:30:00,09/04/14 01:30,E07,25.7504,-79.24168,M
"Thursday, 4 September, 2014",01:35:00,09/04/14 01:35,E07,25.75045,-79.24201,M
"Thursday, 4 September, 2014",01:40:00,09/04/14 01:40,E07,25.75188,-79.24231,M
"Thursday, 4 September, 2014",01:45:00,09/04/14 01:45,E07,25.75135,-79.24269,M
"Thursday, 4 September, 2014",01:50:00,09/04/14 01:50,E07,25.74964,-79.24212,M
"Thursday, 4 September, 2014",01:55:00,09/04/14 01:55,E07,25.75001,-79.24089,M
"Thursday, 4 September, 2014",02:00:00,09/04/14 02:00,E07,25.7503,-79.24159,M
"Thursday, 4 September, 2014",02:10:00,09/04/14 02:10,E07,25.74974,-79.2414,M
"Thursday, 4 September, 2014",02:32:00,09/04/14 02:32,E07,25.74258,-79.24065,M
"Thursday, 4 September, 2014",02:37:00,09/04/14 02:37,E07,25.7404,-79.24039,M
"Thursday, 4 September, 2014",02:42:00,09/04/14 02:42,E07,25.73838,-79.2398,M
"Thursday, 4 September, 2014",02:47:00,09/04/14 02:47,E07,25.73573,-79.23992,M
"Thursday, 4 September, 2014",02:52:00,09/04/14 02:52,E07,25.734,-79.23984,M
"Thursday, 4 September, 2014",14:38:00,09/04/14 14:38,E07,25.73074,-79.25633,M
"Thursday, 4 September, 2014",14:44:00,09/04/14 14:44,E07,25.73124,-79.25633,M
"Thursday, 4 September, 2014",14:49:00,09/04/14 14:49,E07,25.73174,-79.25418,M
"Thursday, 4 September, 2014",14:59:00,09/04/14 14:59,E07,25.72923,-79.25642,M
"Thursday, 4 September, 2014",15:04:00,09/04/14 15:04,E07,25.72829,-79.25823,M
"Thursday, 4 September, 2014",15:09:00,09/04/14 15:09,E07,25.72632,-79.2599,M
"Thursday, 4 September, 2014",15:14:00,09/04/14 15:14,E07,25.72445,-79.25202,M
"Thursday, 4 September, 2014",15:19:00,09/04/14 15:19,E07,25.72431,-79.25496,M
"Thursday, 4 September, 2014",15:24:00,09/04/14 15:24,E07,25.72253,-79.25684,M
"Thursday, 4 September, 2014",15:29:00,09/04/14 15:29,E07,25.72078,-79.25802,M
"Thursday, 4 September, 2014",15:34:00,09/04/14 15:34,E07,25.72119,-79.25826,M
"Thursday, 4 September, 2014",15:39:00,09/04/14 15:39,E07,25.72351,-79.26712,M
"Thursday, 4 September, 2014",15:44:00,09/04/14 15:44,E07,25.72572,-79.26511,H
"Thursday, 4 September, 2014",15:54:00,09/04/14 15:54,E07,25.7267,-79.26158,H
"Thursday, 4 September, 2014",15:59:00,09/04/14 15:59,E07,25.72613,-79.26939,H
"Thursday, 4 September, 2014",16:04:00,09/04/14 16:04,E07,25.72466,-79.25943,H
"Thursday, 4 September, 2014",16:09:00,09/04/14 16:09,E07,25.7257,-79.25731,H
"Thursday, 4 September, 2014",16:14:00,09/04/14 16:14,E07,25.72776,-79.25755,H
"Thursday, 4 September, 2014",16:19:00,09/04/14 16:19,E07,25.72322,-79.25664,H
"Thursday, 4 September, 2014",16:24:00,09/04/14 16:24,E07,25.73053,-79.25608,H
"Thursday, 4 September, 2014",16:29:00,09/04/14 16:29,E07,25.73077,-79.25596,H
"Thursday, 4 September, 2014",16:34:00,09/04/14 16:34,E07,25.73052,-79.25612,H
"Thursday, 4 September, 2014",16:39:00,09/04/14 16:39,E07,25.7317,-79.25548,H
"Thursday, 4 September, 2014",16:44:00,09/04/14 16:44,E07,25.73288,-79.25354,H
"Thursday, 4 September, 2014",16:49:00,09/04/14 16:49,E07,25.7334,-79.2517,H
"Thursday, 4 September, 2014",16:51:00,09/04/14 16:51,E07,25.73294,-79.25158,H
"Thursday, 4 September, 2014",16:54:00,09/04/14 16:54,E07,25.73223,-79.25139,H
"Thursday, 4 September, 2014",16:59:00,09/04/14 16:59,E07,25.73325,-79.2521,H
"Thursday, 4 September, 2014",17:04:00,09/04/14 17:04,E07,25.73347,-79.25123,H
"Thursday, 4 September, 2014",17:09:00,09/04/14 17:09,E07,25.7339,-79.25032,H
"Thursday, 4 September, 2014",17:14:00,09/04/14 17:14,E07,25.73318,-79.24945,H
"Thursday, 4 September, 2014",17:19:00,09/04/14 17:19,E07,25.73389,-79.2505,H
"Thursday, 4 September, 2014",17:24:00,09/04/14 17:24,E07,25.73301,-79.25205,M
"Thursday, 4 September, 2014",17:29:00,09/04/14 17:29,E07,25.7326,-79.25305,H
"Thursday, 4 September, 2014",21:59:00,09/04/14 21:59,E07,25.73352,-79.23883,H
"Thursday, 4 September, 2014",22:03:00,09/04/14 22:03,E07,25.73379,-79.23886,H
"Thursday, 4 September, 2014",22:08:00,09/04/14 22:08,E07,25.73409,-79.2365,H
"Thursday, 4 September, 2014",22:13:00,09/04/14 22:13,E07,25.73244,-79.23522,H
"Thursday, 4 September, 2014",22:18:00,09/04/14 22:18,E07,25.73052,-79.23576,H
"Thursday, 4 September, 2014",22:25:00,09/04/14 22:25,E07,25.72983,-79.23571,H
"Thursday, 4 September, 2014",22:30:00,09/04/14 22:30,E07,25.73059,-79.23702,H
"Thursday, 4 September, 2014",23:30:00,09/04/14 23:30,E07,25.73409,-79.23853,H
"Thursday, 4 September, 2014",23:35:00,09/04/14 23:35,E07,25.73266,-79.23975,H
"Thursday, 4 September, 2014",23:40:00,09/04/14 23:40,E07,25.73363,-79.24033,H
"Thursday, 4 September, 2014",23:45:00,09/04/14 23:45,E07,25.73493,-79.2389,H
"Thursday, 4 September, 2014",23:50:00,09/04/14 23:50,E07,25.73458,-79.23726,H
"Thursday, 4 September, 2014",23:55:00,09/04/14 23:55,E07,25.73525,-79.23647,H
"Friday, 5 September, 2014",00:00:00,09/05/14 00:00,E07,25.73352,-79.23922,L
"Friday, 5 September, 2014",00:05:00,09/05/14 00:05,E07,25.73425,-79.23612,L
"Friday, 5 September, 2014",00:10:00,09/05/14 00:10,E07,25.73457,-79.23757,L
"Friday, 5 September, 2014",00:15:00,09/05/14 00:15,E07,25.73322,-79.23457,L
"Friday, 5 September, 2014",16:40:00,09/05/14 16:40,E07,25.73157,-79.25529,L
"Friday, 5 September, 2014",16:45:00,09/05/14 16:45,E07,25.73114,-79.25412,L
"Friday, 5 September, 2014",16:50:00,09/05/14 16:50,E07,25.73039,-79.25578,L
"Friday, 5 September, 2014",16:55:00,09/05/14 16:55,E07,25.72954,-79.25719,L
"Friday, 5 September, 2014",17:00:00,09/05/14 17:00,E07,25.72765,-79.25933,M
"Friday, 5 September, 2014",17:05:00,09/05/14 17:05,E07,25.72567,-79.25385,H
"Friday, 5 September, 2014",17:10:00,09/05/14 17:10,E07,25.72624,-79.25311,H
"Friday, 5 September, 2014",17:15:00,09/05/14 17:15,E07,25.72477,-79.25998,H
"Friday, 5 September, 2014",17:20:00,09/05/14 17:20,E07,25.72313,-79.26017,H
"Friday, 5 September, 2014",17:25:00,09/05/14 17:25,E07,25.72224,-79.26028,H
"Friday, 5 September, 2014",17:30:00,09/05/14 17:30,E07,25.72164,-79.25979,H
"Friday, 5 September, 2014",23:20:00,09/05/14 23:20,E07,25.73097,-79.24704,H
"Friday, 5 September, 2014",23:25:00,09/05/14 23:25,E07,25.73106,-79.24751,H
"Friday, 5 September, 2014",23:30:00,09/05/14 23:30,E07,25.72865,-79.24646,H
"Friday, 5 September, 2014",23:35:00,09/05/14 23:35,E07,25.7278,-79.24651,H
"Friday, 5 September, 2014",23:40:00,09/05/14 23:40,E07,25.72836,-79.24343,L
"Friday, 5 September, 2014",23:45:00,09/05/14 23:45,E07,25.72931,-79.24201,L
"Friday, 5 September, 2014",23:50:00,09/05/14 23:50,E07,25.73127,-79.24069,L
"Friday, 5 September, 2014",23:55:00,09/05/14 23:55,E07,25.73275,-79.24049,L
"Sunday, 7 September, 2014",00:05:00,09/07/14 00:05,E07,25.72551,-79.23815,L
"Sunday, 7 September, 2014",00:10:00,09/07/14 00:10,E07,25.72442,-79.23824,L
"Sunday, 7 September, 2014",00:15:00,09/07/14 00:15,E07,25.72312,-79.23914,L
"Sunday, 7 September, 2014",00:20:00,09/07/14 00:20,E07,25.72214,-79.24126,L
"Sunday, 7 September, 2014",00:25:00,09/07/14 00:25,E07,25.72134,-79.24152,L
"Sunday, 7 September, 2014",00:30:00,09/07/14 00:30,E07,25.7201,-79.2416,L
"Sunday, 7 September, 2014",00:35:00,09/07/14 00:35,E07,25.71924,-79.243,H
"Sunday, 7 September, 2014",00:40:00,09/07/14 00:40,E07,25.71826,-79.2428,L
"Sunday, 7 September, 2014",00:45:00,09/07/14 00:45,E07,25.71683,-79.24344,L
"Sunday, 7 September, 2014",00:50:00,09/07/14 00:50,E07,25.71596,-79.24413,L
"Sunday, 7 September, 2014",00:55:00,09/07/14 00:55,E07,25.71508,-79.24474,L
"Sunday, 7 September, 2014",01:00:00,09/07/14 01:00,E07,25.71471,-79.24588,L
"Sunday, 7 September, 2014",01:05:00,09/07/14 01:05,E07,25.71377,-79.24608,L
"Sunday, 7 September, 2014",01:10:00,09/07/14 01:10,E07,25.71232,-79.2469,L
"Sunday, 7 September, 2014",01:15:00,09/07/14 01:15,E07,25.71101,-79.24651,L
"Sunday, 7 September, 2014",01:20:00,09/07/14 01:20,E07,25.71022,-79.24626,L
"Sunday, 7 September, 2014",01:25:00,09/07/14 01:25,E07,25.70921,-79.24614,L
"Sunday, 7 September, 2014",01:30:00,09/07/14 01:30,E07,25.70812,-79.2456,L
"Sunday, 7 September, 2014",01:35:00,09/07/14 01:35,E07,25.70665,-79.24632,L
"Sunday, 7 September, 2014",01:40:00,09/07/14 01:40,E07,25.70541,-79.24587,L
"Sunday, 7 September, 2014",01:45:00,09/07/14 01:45,E07,25.70421,-79.24706,L
"Sunday, 7 September, 2014",01:50:00,09/07/14 01:50,E07,25.70357,-79.24701,L
"Sunday, 7 September, 2014",01:55:00,09/07/14 01:55,E07,25.70323,-79.24659,L
"Sunday, 7 September, 2014",02:00:00,09/07/14 02:00,E07,25.7042,-79.24523,M
"Sunday, 7 September, 2014",02:05:00,09/07/14 02:05,E07,25.70553,-79.24489,M
"Sunday, 7 September, 2014",02:10:00,09/07/14 02:10,E07,25.70427,-79.24383,M
"Sunday, 7 September, 2014",23:48:00,09/07/14 23:48,E07,25.72919,-79.24038,H
"Sunday, 7 September, 2014",23:53:00,09/07/14 23:53,E07,25.72805,-79.23957,L
"Sunday, 7 September, 2014",23:58:00,09/07/14 23:58,E07,25.72728,-79.2384,L
"Tuesday, 2 October, 2012",13:03:00,10/02/12 13:03,E50,25.73503,-79.24969,H
"Tuesday, 2 October, 2012",13:14:00,10/02/12 13:14,E50,25.73405,-79.25132,H
"Tuesday, 2 October, 2012",13:19:00,10/02/12 13:19,E50,25.73282,-79.25356,M
"Tuesday, 2 October, 2012",13:30:00,10/02/12 13:30,E50,25.73241,-79.25329,H
"Tuesday, 2 October, 2012",13:35:00,10/02/12 13:35,E50,25.73303,-79.25265,M
"Tuesday, 2 October, 2012",13:42:00,10/02/12 13:42,E50,25.73296,-79.25197,M
"Wednesday, 3 October, 2012",09:33:00,10/03/12 09:33,E50,25.73524,-79.24854,H
"Wednesday, 3 October, 2012",09:38:00,10/03/12 09:38,E50,25.73437,-79.24913,H
"Wednesday, 3 October, 2012",09:43:00,10/03/12 09:43,E50,25.7347,-79.24945,H
"Wednesday, 3 October, 2012",09:48:00,10/03/12 09:48,E50,25.73484,-79.24997,H
"Wednesday, 3 October, 2012",09:53:00,10/03/12 09:53,E50,25.73483,-79.25002,H
"Wednesday, 3 October, 2012",10:13:00,10/03/12 10:13,E50,25.73484,-79.24999,H
"Wednesday, 3 October, 2012",10:18:00,10/03/12 10:18,E50,25.73482,-79.24998,H
"Wednesday, 3 October, 2012",10:28:00,10/03/12 10:28,E50,25.73485,-79.25001,M
"Wednesday, 3 October, 2012",10:33:00,10/03/12 10:33,E50,25.73481,-79.25001,H
"Wednesday, 3 October, 2012",10:38:00,10/03/12 10:38,E50,25.73482,-79.25998,H
"Wednesday, 3 October, 2012",10:46:00,10/03/12 10:46,E50,25.73452,-79.24822,H
"Wednesday, 3 October, 2012",10:51:00,10/03/12 10:51,E50,25.73445,-79.2437,H
"Wednesday, 3 October, 2012",11:01:00,10/03/12 11:01,E50,25.7335,-79.24986,M
"Wednesday, 3 October, 2012",11:06:00,10/03/12 11:06,E50,25.73323,-79.24914,M
"Wednesday, 3 October, 2012",11:20:00,10/03/12 11:20,E50,25.73182,-79.24879,H
"Wednesday, 3 October, 2012",11:26:00,10/03/12 11:26,E50,25.73191,-79.24878,M
"Wednesday, 3 October, 2012",11:31:00,10/03/12 11:31,E50,25.73164,-79.2487,H
"Wednesday, 3 October, 2012",11:36:00,10/03/12 11:36,E50,25.73136,-79.24845,H
"Wednesday, 1 October, 2014",01:03:00,10/01/14 01:03,F7F,25.73701,-79.24668,H
"Wednesday, 1 October, 2014",01:09:00,10/01/14 01:09,F7F,25.7378,-79.24547,H
"Wednesday, 1 October, 2014",01:14:00,10/01/14 01:14,F7F,25.73786,-79.24545,H
"Wednesday, 1 October, 2014",01:19:00,10/01/14 01:19,F7F,25.73784,-79.24541,H
"Wednesday, 1 October, 2014",01:24:00,10/01/14 01:24,F7F,25.73869,-79.24638,H
"Wednesday, 1 October, 2014",01:29:00,10/01/14 01:29,F7F,25.73896,-79.24784,H
"Wednesday, 1 October, 2014",01:34:00,10/01/14 01:34,F7F,25.73713,-79.24771,H
"Wednesday, 1 October, 2014",01:39:00,10/01/14 01:39,F7F,25.73779,-79.24702,H
"Wednesday, 1 October, 2014",01:44:00,10/01/14 01:44,F7F,25.73779,-79.2475,H
"Wednesday, 1 October, 2014",01:52:00,10/01/14 01:52,F7F,25.73808,-79.248,H
"Wednesday, 1 October, 2014",01:57:00,10/01/14 01:57,F7F,25.73814,-79.24645,M
"Wednesday, 1 October, 2014",02:02:00,10/01/14 02:02,F7F,25.73757,-79.24636,H
"Wednesday, 1 October, 2014",03:03:00,10/01/14 03:03,F7F,25.73464,-79.24767,H
"Wednesday, 1 October, 2014",12:38:00,10/01/14 12:38,F7F,25.7332,-79.24942,H
"Wednesday, 1 October, 2014",12:43:00,10/01/14 12:43,F7F,25.73502,-79.24891,H
"Wednesday, 1 October, 2014",12:52:00,10/01/14 12:52,F7F,25.73153,-79.25514,H
"Wednesday, 1 October, 2014",12:53:00,10/01/14 12:53,F7F,25.73484,-79.24817,H
"Wednesday, 1 October, 2014",12:57:00,10/01/14 12:57,F7F,25.73298,-79.25413,H
"Wednesday, 1 October, 2014",12:58:00,10/01/14 12:58,F7F,25.73589,-79.24783,H
"Wednesday, 1 October, 2014",13:02:00,10/01/14 13:02,F7F,25.73434,-79.25345,H
"Wednesday, 1 October, 2014",13:07:00,10/01/14 13:07,F7F,25.73608,-79.25317,H
"Wednesday, 1 October, 2014",13:12:00,10/01/14 13:12,F7F,25.7356,-79.25262,H
"Wednesday, 1 October, 2014",13:17:00,10/01/14 13:17,F7F,25.73505,-79.25039,H
"Wednesday, 1 October, 2014",13:22:00,10/01/14 13:22,F7F,25.73466,-79.25941,H
"Wednesday, 1 October, 2014",13:27:00,10/01/14 13:27,F7F,25.73498,-79.25889,H
"Wednesday, 1 October, 2014",13:32:00,10/01/14 13:32,F7F,25.73492,-79.25007,H
"Wednesday, 1 October, 2014",13:37:00,10/01/14 13:37,F7F,25.73402,-79.25089,H
"Wednesday, 1 October, 2014",13:42:00,10/01/14 13:42,F7F,25.73312,-79.25393,H
"Wednesday, 1 October, 2014",13:47:00,10/01/14 13:47,F7F,25.73406,-79.25006,H
"Wednesday, 1 October, 2014",13:52:00,10/01/14 13:52,F7F,25.73375,-79.25116,M
"Thursday, 2 October, 2014",01:23:00,10/02/14 01:23,F7F,25.72687,-79.25488,H
"Thursday, 2 October, 2014",01:28:00,10/02/14 01:28,F7F,25.72801,-79.2548,H
"Thursday, 2 October, 2014",13:17:00,10/02/14 13:17,F7F,25.72726,-79.26034,H
"Thursday, 2 October, 2014",13:23:00,10/02/14 13:23,F7F,25.7278,-79.26121,H
"Thursday, 2 October, 2014",15:05:00,10/02/14 15:05,F7F,25.72772,-79.25925,M
"Thursday, 2 October, 2014",15:10:00,10/02/14 15:10,F7F,25.72946,-79.25819,M
"Thursday, 2 October, 2014",15:23:00,10/02/14 15:23,F7F,25.7284,-79.25962,H
"Thursday, 2 October, 2014",15:28:00,10/02/14 15:28,F7F,25.72798,-79.25979,H
"Thursday, 2 October, 2014",15:33:00,10/02/14 15:33,F7F,25.72808,-79.26022,H
"Friday, 3 October, 2014",04:21:00,10/03/14 04:21,F7F,25.731,-79.2482,H
"Saturday, 4 October, 2014",15:07:00,10/04/14 15:07,F7F,25.72964,-79.2576,M
"Saturday, 4 October, 2014",15:12:00,10/04/14 15:12,F7F,25.72823,-79.25817,M
"Saturday, 4 October, 2014",15:17:00,10/04/14 15:17,F7F,25.72662,-79.26037,M
"Saturday, 4 October, 2014",15:22:00,10/04/14 15:22,F7F,25.72544,-79.26261,M
"Saturday, 4 October, 2014",15:27:00,10/04/14 15:27,F7F,25.72497,-79.26515,M
"Saturday, 4 October, 2014",15:32:00,10/04/14 15:32,F7F,25.72559,-79.26758,M
"Saturday, 4 October, 2014",15:37:00,10/04/14 15:37,F7F,25.72509,-79.27067,M
"Saturday, 4 October, 2014",15:42:00,10/04/14 15:42,F7F,25.72504,-79.27161,M
"Monday, 29 September, 2014",16:54:00,9/29/14 16:54,F7F,25.72955,-79.24907,H
"Monday, 29 September, 2014",17:02:00,9/29/14 17:02,F7F,25.73069,-79.24933,M
"Monday, 29 September, 2014",17:05:00,9/29/14 17:05,F7F,25.73069,-79.25093,M
"Monday, 29 September, 2014",17:07:00,9/29/14 17:07,F7F,25.72991,-79.2516,M
"Monday, 29 September, 2014",17:10:00,9/29/14 17:10,F7F,25.72988,-79.25337,M
"Tuesday, 30 September, 2014",03:15:00,9/30/14 03:15,F7F,25.72762,-79.24821,M
"Tuesday, 30 September, 2014",03:20:00,9/30/14 03:20,F7F,25.72874,-79.246,M
"Tuesday, 30 September, 2014",03:25:00,9/30/14 03:25,F7F,25.73042,-79.24484,M
"Tuesday, 30 September, 2014",03:30:00,9/30/14 03:30,F7F,25.73044,-79.24519,M
"Tuesday, 30 September, 2014",03:35:00,9/30/14 03:35,F7F,25.73039,-79.24611,H
"Tuesday, 30 September, 2014",03:40:00,9/30/14 03:40,F7F,25.73122,-79.24789,H
"Tuesday, 30 September, 2014",03:45:00,9/30/14 03:45,F7F,25.73169,-79.24806,H
"Tuesday, 30 September, 2014",03:50:00,9/30/14 03:50,F7F,25.7313,-79.24871,H
"Tuesday, 30 September, 2014",03:55:00,9/30/14 03:55,F7F,25.73144,-79.24929,L
"Tuesday, 30 September, 2014",11:47:00,9/30/14 11:47,F7F,25.73353,-79.25241,H
"Tuesday, 30 September, 2014",11:53:00,9/30/14 11:53,F7F,25.73459,-79.25103,H
"Tuesday, 30 September, 2014",11:58:00,9/30/14 11:58,F7F,25.735,-79.2495,H
"Tuesday, 30 September, 2014",12:03:00,9/30/14 12:03,F7F,25.7356,-79.2485,M
"Tuesday, 30 September, 2014",21:47:00,9/30/14 21:47,F7F,25.72797,-79.2441,M
"Wednesday, 19 March, 2014",12:25:00,3/19/14 12:25,O82,25.73611,-79.2513,H
"Wednesday, 19 March, 2014",12:30:00,3/19/14 12:30,O82,25.73682,-79.24965,H
"Wednesday, 19 March, 2014",12:35:00,3/19/14 12:35,O82,25.73622,-79.24847,H
"Thursday, 20 March, 2014",00:12:00,3/20/14 00:12,O82,25.73386,-79.24996,H
"Thursday, 20 March, 2014",00:17:00,3/20/14 00:17,O82,25.73172,-79.25118,H
"Thursday, 20 March, 2014",00:22:00,3/20/14 00:22,O82,25.73327,-79.24905,H
"Thursday, 20 March, 2014",00:29:00,3/20/14 00:29,O82,25.73355,-79.24935,H
"Thursday, 20 March, 2014",00:34:00,3/20/14 00:34,O82,25.73325,-79.2517,H
"Thursday, 20 March, 2014",00:39:00,3/20/14 00:39,O82,25.73265,-79.25142,H
"Thursday, 20 March, 2014",00:49:00,3/20/14 00:49,O82,25.7335,-79.2535,H
"Thursday, 20 March, 2014",00:54:00,3/20/14 00:54,O82,25.73353,-79.25231,H
"Thursday, 20 March, 2014",00:59:00,3/20/14 00:59,O82,25.73363,-79.25294,H
"Thursday, 20 March, 2014",01:06:00,3/20/14 01:06,O82,25.73363,-79.25271,H
"Thursday, 20 March, 2014",01:12:00,3/20/14 01:12,O82,25.73206,-79.25142,H
"Thursday, 20 March, 2014",01:17:00,3/20/14 01:17,O82,25.73195,-79.25017,H
"Thursday, 20 March, 2014",01:22:00,3/20/14 01:22,O82,25.73102,-79.24804,H
"Thursday, 20 March, 2014",01:28:00,3/20/14 01:28,O82,25.73088,-79.24863,H
"Thursday, 20 March, 2014",01:33:00,3/20/14 01:33,O82,25.73112,-79.25121,H
"Thursday, 20 March, 2014",01:38:00,3/20/14 01:38,O82,25.72935,-79.25032,H
"Thursday, 20 March, 2014",01:49:00,3/20/14 01:49,O82,25.72792,-79.25224,H
"Thursday, 20 March, 2014",01:54:00,3/20/14 01:54,O82,25.7258,-79.25144,H
"Thursday, 20 March, 2014",01:59:00,3/20/14 01:59,O82,25.72398,-79.25087,H
"Thursday, 20 March, 2014",02:04:00,3/20/14 02:04,O82,25.72338,-79.25237,H
"Thursday, 20 March, 2014",02:09:00,3/20/14 02:09,O82,25.72246,-79.25162,H
"Thursday, 20 March, 2014",02:14:00,3/20/14 02:14,O82,25.72117,-79.25129,H
"Thursday, 20 March, 2014",02:19:00,3/20/14 02:19,O82,25.72183,-79.25196,M
"Thursday, 20 March, 2014",02:24:00,3/20/14 02:24,O82,25.72097,-79.25043,M
"Thursday, 20 March, 2014",02:29:00,3/20/14 02:29,O82,25.71903,-79.24918,M
"Friday, 21 March, 2014",01:04:00,3/21/14 01:04,O82,25.7333,-79.25282,H
"Friday, 21 March, 2014",01:09:00,3/21/14 01:09,O82,25.73211,-79.25273,H
"Friday, 21 March, 2014",01:14:00,3/21/14 01:14,O82,25.73295,-79.25134,H
"Friday, 21 March, 2014",01:19:00,3/21/14 01:19,O82,25.73378,-79.25224,H
"Friday, 21 March, 2014",01:24:00,3/21/14 01:24,O82,25.73502,-79.25194,H
"Friday, 21 March, 2014",01:29:00,3/21/14 01:29,O82,25.7352,-79.25176,H
"Friday, 21 March, 2014",01:34:00,3/21/14 01:34,O82,25.73625,-79.25292,H
"Friday, 21 March, 2014",01:44:00,3/21/14 01:44,O82,25.73564,-79.25223,H
"Friday, 21 March, 2014",01:49:00,3/21/14 01:49,O82,25.73424,-79.25162,H
"Friday, 21 March, 2014",01:55:00,3/21/14 01:55,O82,25.73412,-79.2504,H
"Friday, 21 March, 2014",02:01:00,3/21/14 02:01,O82,25.73272,-79.24903,H
"Friday, 21 March, 2014",02:06:00,3/21/14 02:06,O82,25.73226,-79.24874,H
"Friday, 21 March, 2014",02:11:00,3/21/14 02:11,O82,25.73172,-79.24906,H
"Friday, 21 March, 2014",02:16:00,3/21/14 02:16,O82,25.73077,-79.24847,H
"Friday, 21 March, 2014",02:24:00,3/21/14 02:24,O82,25.73109,-79.2488,H
"Friday, 21 March, 2014",11:40:00,3/21/14 11:40,O82,25.73707,-79.25983,M
"Friday, 21 March, 2014",11:45:00,3/21/14 11:45,O82,25.72586,-79.25902,M
"Friday, 21 March, 2014",11:50:00,3/21/14 11:50,O82,25.72399,-79.2577,M
"Friday, 21 March, 2014",11:52:00,3/21/14 11:52,O82,25.72551,-79.25738,M
"Friday, 21 March, 2014",11:55:00,3/21/14 11:55,O82,25.72619,-79.25691,H
"Friday, 21 March, 2014",12:00:00,3/21/14 12:00,O82,25.7279,-79.25672,H
"Friday, 21 March, 2014",12:05:00,3/21/14 12:05,O82,25.72708,-79.25616,H
"Friday, 21 March, 2014",12:10:00,3/21/14 12:10,O82,25.72528,-79.25617,H
"Friday, 21 March, 2014",12:15:00,3/21/14 12:15,O82,25.72447,-79.25747,H
"Friday, 21 March, 2014",12:20:00,3/21/14 12:20,O82,25.72379,-79.25448,H
"Friday, 21 March, 2014",12:25:00,3/21/14 12:25,O82,25.72348,-79.26153,H
"Friday, 21 March, 2014",12:30:00,3/21/14 12:30,O82,25.7248,-79.26322,H
"Friday, 21 March, 2014",12:35:00,3/21/14 12:35,O82,25.72624,-79.2635,H
"Friday, 21 March, 2014",12:40:00,3/21/14 12:40,O82,25.72694,-79.26515,H
"Friday, 21 March, 2014",12:45:00,3/21/14 12:45,O82,25.72701,-79.26419,H
"Friday, 21 March, 2014",12:50:00,3/21/14 12:50,O82,25.72736,-79.26205,H
"Friday, 21 March, 2014",12:55:00,3/21/14 12:55,O82,25.72581,-79.26196,H
"Friday, 21 March, 2014",13:00:00,3/21/14 13:00,O82,25.72533,-79.26127,H
"Friday, 21 March, 2014",13:05:00,3/21/14 13:05,O82,25.72643,-79.26022,H
"Friday, 21 March, 2014",13:10:00,3/21/14 13:10,O82,25.727,-79.25928,H
"Friday, 21 March, 2014",13:15:00,3/21/14 13:15,O82,25.72771,-79.25936,H
"Friday, 21 March, 2014",13:20:00,3/21/14 13:20,O82,25.72884,-79.25936,H
"Friday, 21 March, 2014",13:25:00,3/21/14 13:25,O82,25.72647,-79.25946,H
"Friday, 21 March, 2014",13:30:00,3/21/14 13:30,O82,25.72513,-79.26065,H
"Friday, 21 March, 2014",13:35:00,3/21/14 13:35,O82,25.72463,-79.26775,H
"Friday, 21 March, 2014",13:40:00,3/21/14 13:40,O82,25.72191,-79.26291,H
"Friday, 21 March, 2014",13:45:00,3/21/14 13:45,O82,25.7203,-79.2643,L
"Friday, 21 March, 2014",13:50:00,3/21/14 13:50,O82,25.72016,-79.26567,H
"Friday, 21 March, 2014",13:55:00,3/21/14 13:55,O82,25.71917,-79.26634,M
"Saturday, 22 March, 2014",01:00:00,3/22/14 01:00,O82,25.72678,-79.24952,H
"Saturday, 22 March, 2014",01:06:00,3/22/14 01:06,O82,25.72654,-79.24713,H
"Saturday, 22 March, 2014",01:18:00,3/22/14 01:18,O82,25.72931,-79.24936,H
"Sunday, 23 March, 2014",00:27:00,3/23/14 00:27,O82,25.72886,-79.25223,H
"Sunday, 23 March, 2014",00:32:00,3/23/14 00:32,O82,25.72716,-79.2519,H
"Sunday, 23 March, 2014",00:45:00,3/23/14 00:45,O82,25.72832,-79.25144,H
"Sunday, 23 March, 2014",00:55:00,3/23/14 00:55,O82,25.72693,-79.2512,H
"Sunday, 23 March, 2014",00:58:00,3/23/14 00:58,O82,25.72695,-79.25139,H
"Sunday, 23 March, 2014",01:03:00,3/23/14 01:03,O82,25.72748,-79.2513,H
"Sunday, 23 March, 2014",01:08:00,3/23/14 01:08,O82,25.72665,-79.25363,H
"Sunday, 23 March, 2014",01:13:00,3/23/14 01:13,O82,25.72492,-79.25363,H
"Sunday, 23 March, 2014",01:18:00,3/23/14 01:18,O82,25.72519,-79.25541,H
"Sunday, 23 March, 2014",01:23:00,3/23/14 01:23,O82,25.72441,-79.2574,H
"Sunday, 23 March, 2014",01:28:00,3/23/14 01:28,O82,25.72404,-79.25817,H
"Sunday, 23 March, 2014",01:33:00,3/23/14 01:33,O82,25.72422,-79.25992,H
"Sunday, 23 March, 2014",01:38:00,3/23/14 01:38,O82,25.72443,-79.26228,H
"Sunday, 23 March, 2014",01:43:00,3/23/14 01:43,O82,25.72533,-79.26219,H
"Sunday, 23 March, 2014",01:47:00,3/23/14 01:47,O82,25.72418,-79.25193,H
"Sunday, 23 March, 2014",01:52:00,3/23/14 01:52,O82,25.72445,-79.26385,H
"Sunday, 23 March, 2014",01:57:00,3/23/14 01:57,O82,25.72351,-79.26321,H
"Sunday, 23 March, 2014",02:02:00,3/23/14 02:02,O82,25.72374,-79.26349,H
"Sunday, 23 March, 2014",02:07:00,3/23/14 02:07,O82,25.72501,-79.26317,H
"Sunday, 23 March, 2014",02:12:00,3/23/14 02:12,O82,25.72452,-79.26268,H
"Sunday, 23 March, 2014",02:17:00,3/23/14 02:17,O82,25.72369,-79.26218,H
"Sunday, 23 March, 2014",02:22:00,3/23/14 02:22,O82,25.7247,-79.26198,H
"Sunday, 23 March, 2014",02:27:00,3/23/14 02:27,O82,25.72541,-79.2635,H
