ODBA,resting,bursting,Tidal_Phase,Diel_Phase,Season,ID,Size
0.1155,0,33.3,2,4,1,1,78
0.0858,0,0,1,4,1,1,78
0.0715,10,0,1,4,1,1,78
0.1905,0,96.7,1,4,1,1,78
0.0871,0,0,1,4,1,1,78
0.0753,0,0,1,4,1,1,78
0.0881,0,0,2,4,1,1,78
0.0872,0,0,2,4,1,1,78
0.0727,0,0,3,1,1,1,78
0.0748,0,0,3,1,1,1,78
0.0799,0,0,3,2,1,1,78
0.0855,0,3.3,3,2,1,1,78
0.0829,0,1.7,2,2,1,1,78
0.0837,0,0,2,2,1,1,78
0.0726,0,0,1,2,1,1,78
0.0784,0,0,1,2,1,1,78
0.03,100,0,1,2,1,1,78
0.0813,1.7,0,1,2,1,1,78
0.1102,0,3.3,1,2,1,1,78
0.0925,0,5,2,2,1,1,78
0.0847,0,0,2,2,1,1,78
0.0902,0,0,3,2,1,1,78
0.0625,0,0,3,2,1,1,78
0.0759,0,0,3,3,1,1,78
0.0829,0,1.7,3,3,1,1,78
0.0808,0,0,2,4,1,1,78
0.083,0,10,2,4,1,1,78
0.0696,0,0,1,4,1,1,78
0.0782,0,8.3,1,4,1,1,78
0.1048,0,11.7,1,4,1,1,78
0.0909,0,0,1,4,1,1,78
0.1384,0,11.7,1,4,1,1,78
0.1027,5,0,2,4,1,1,78
0.0871,0,11.7,2,1,1,1,78
0.0725,0,0,3,1,1,1,78
0.073,0,6.7,3,2,1,1,78
0.0748,0,0,3,2,1,1,78
0.0805,0,0,3,2,1,1,78
0.0769,0,0,2,2,1,1,78
0.0848,0,0,2,2,1,1,78
0.0758,0,3.3,1,2,1,1,78
0.0698,0,0,1,2,1,1,78
0.0809,0,3.3,1,2,1,1,78
0.1383,0,38.3,1,2,1,1,78
0.0778,0,1.7,1,2,1,1,78
0.0979,0,10,2,2,1,1,78
0.0307,100,0,2,2,1,1,78
0.0343,100,0,3,2,1,1,78
0.091,0,0,3,3,1,1,78
0.0941,0,0,3,3,1,1,78
0.0705,0,0,3,4,1,1,78
0.0861,0,0,2,4,1,1,78
0.1227,0,0,2,4,1,1,78
0.0975,0,0,1,4,1,1,78
0.0846,0,0,1,4,1,1,78
0.0822,0,0,1,4,1,1,78
0.0864,0,0,1,4,1,1,78
0.0742,0,0,1,4,1,1,78
0.0871,0,0,2,1,1,1,78
0.0697,0,0,2,1,1,1,78
0.0627,0,0,3,2,1,1,78
0.0699,0,0,3,2,1,1,78
0.0777,0,0,3,2,1,1,78
0.0896,0,0,3,2,1,1,78
0.0846,0,0,2,2,1,1,78
0.075,0,0,2,2,1,1,78
0.0363,100,0,1,2,1,1,78
0.0295,100,0,1,2,1,1,78
0.0699,0,0,1,2,1,1,78
0.0662,3.3,0,1,2,1,1,78
0.0822,0,0,1,2,1,1,78
0.0322,85,0,2,2,1,1,78
0.0871,0,0,2,2,1,1,78
0.0737,0,41.7,3,3,1,1,78
0.0685,0,0,3,3,1,1,78
0.0349,88.3,0,3,4,1,1,78
0.0635,0,0,3,4,1,1,78
0.1104,0,46.7,2,4,1,1,78
0.0743,21.7,0,2,4,1,1,78
0.0664,0,0,1,4,1,1,78
0.0851,0,1.7,1,4,1,1,78
0.0781,0,0,1,4,1,1,78
0.089,0,0,1,4,1,1,78
0.0828,0,0,1,1,1,1,78
0.0299,100,0,2,1,1,1,78
0.0328,0,0,2,2,1,1,78
0.0327,51.7,0,3,2,1,1,78
0.082,0,0,3,2,1,1,78
0.0805,0,0,3,2,1,1,78
0.0889,0,0,3,2,1,1,78
0.0634,0,0,2,2,1,1,78
0.095,0,0,2,2,1,1,78
0.0739,0,0,1,2,1,1,78
0.1292,0,80,1,2,1,1,78
0.0286,78.3,3.3,1,2,1,1,78
0.0694,100,0,1,2,1,1,78
0.034,0,1.7,1,2,1,1,78
0.0696,0,0,2,2,1,1,78
0.0403,0,5,2,3,1,1,78
0.0651,0,0,3,3,1,1,78
0.0807,26.7,0,3,4,1,1,78
0.0949,0,0,3,4,1,1,78
0.0999,0,0,3,4,1,1,78
0.0763,0,0,2,4,1,1,78
0.0799,0,3.3,2,4,1,1,78
0.113,0,61.7,1,4,1,1,78
0.0806,0,0,1,4,1,1,78
0.0998,0,0,1,4,1,1,78
0.0808,0,0,1,1,1,1,78
0.0829,0,0,1,1,1,1,78
0.0655,0,0,2,2,1,1,78
0.0811,0,0,2,2,1,1,78
0.0813,81.7,0,3,2,1,1,78
0.0286,100,0,3,2,1,1,78
0.0685,0,0,3,2,1,1,78
0.0976,0,3.3,3,2,1,1,78
0.091,100,0,2,2,1,1,78
0.1547,0,46.7,2,2,1,1,78
0.0689,76.7,0,1,2,1,1,78
0.0762,0,0,1,2,1,1,78
0.0616,0,0,2,4,1,2,78
0.0579,0,0,1,4,1,2,78
0.067,0,0,1,4,1,2,78
0.0873,0,8.3,1,4,1,2,78
0.1332,0,55,1,4,1,2,78
0.1125,0,10,1,4,1,2,78
0.0784,0,5,2,4,1,2,78
0.0617,0,0,2,4,1,2,78
0.1135,6.7,1.7,3,1,1,2,78
0.0606,5,0,3,1,1,2,78
0.1065,83.3,6.7,3,2,1,2,78
0.0595,16.7,0,3,2,1,2,78
0.0624,18.3,0,2,2,1,2,78
0.1446,0,100,2,2,1,2,78
0.091,73.3,0,1,2,1,2,78
0.0624,0,0,1,2,1,2,78
0.0579,1.7,0,1,2,1,2,78
0.0795,0,0,1,2,1,2,78
0.0471,0,0,1,2,1,2,78
0.1356,0,93.3,2,2,1,2,78
0.0685,0,0,2,2,1,2,78
0.0295,0,0,3,2,1,2,78
0.0663,98.3,0,3,2,1,2,78
0.0988,55,3.3,3,3,1,2,78
0.088,100,0,3,3,1,2,78
0.1213,88.3,0,2,4,1,2,78
0.0741,0,0,2,4,1,2,78
0.0602,0,0,1,4,1,2,78
0.1121,0,0,1,4,1,2,78
0.1095,0,0,1,4,1,2,78
0.1593,0,0,1,4,1,2,78
0.0819,0,0,1,4,1,2,78
0.0881,0,0,2,4,1,2,78
0.0688,28.3,5,2,1,1,2,78
0.079,73.3,0,3,1,1,2,78
0.0724,100,0,3,2,1,2,78
0.0615,100,0,3,2,1,2,78
0.0761,95,0,3,2,1,2,78
0.0905,0,5,2,2,1,2,78
0.0827,8.3,0,2,2,1,2,78
0.0602,0,10,1,2,1,2,78
0.0893,0,20,1,2,1,2,78
0.0998,0,0,1,2,1,2,78
0.0827,0,20,1,2,1,2,78
0.0968,0,15,1,2,1,2,78
0.1261,0,16.7,2,2,1,2,78
0.0818,0,0,2,2,1,2,78
0.0273,100,0,3,2,1,2,78
0.0713,10,16.7,3,3,1,2,78
0.0704,0,0,3,3,1,2,78
0.0791,3.3,0,3,4,1,2,78
0.0693,5,0,2,4,1,2,78
0.0669,0,3.3,2,4,1,2,78
0.0918,3.3,5,1,4,1,2,78
0.1324,0,11.7,1,4,1,2,78
0.129,0,15,1,4,1,2,78
0.1022,0,33.3,1,4,1,2,78
0.0589,6.7,26,1,4,1,2,78
0.0997,0,6.7,2,1,1,2,78
0.0725,0,0,2,1,1,2,78
0.0642,0,3.3,3,2,1,2,78
0.0821,0,15,3,2,1,2,78
0.0778,0,0,3,2,1,2,78
0.0762,0,0,3,2,1,2,78
0.0796,0,16.7,2,2,1,2,78
0.1021,1.7,0,2,2,1,2,78
0.0802,5,3.3,1,2,1,2,78
0.0614,30,0,1,2,1,2,78
0.0541,5,43.3,1,2,1,2,78
0.1046,3.3,0,1,2,1,2,78
0.0711,0,0,1,2,1,2,78
0.0799,0,0,2,2,1,2,78
0.0715,0,0,2,2,1,2,78
0.064,13.3,0,3,3,1,2,78
0.0685,0,3.3,3,3,1,2,78
0.0731,10,0,3,4,1,2,78
0.0904,0,0,3,4,1,2,78
0.0839,0,0,2,4,1,2,78
0.0674,0,0,2,4,1,2,78
0.0982,1.7,0,1,4,1,2,78
0.0855,1.7,0,1,4,1,2,78
0.0703,0,0,1,4,1,2,78
0.0778,3.3,0,1,4,1,2,78
0.086,3.3,1.7,1,1,1,2,78
0.091,0,0,2,1,1,2,78
0.0684,6.7,0,2,2,1,2,78
0.1154,95,0,3,2,1,2,78
0.104,100,0,3,2,1,2,78
0.1108,1.7,0,3,2,1,2,78
0.0996,0,1.7,3,2,1,2,78
0.0775,0,8.3,2,2,1,2,78
0.1243,3.3,1.7,2,2,1,2,78
0.093,5,0,1,2,1,2,78
0.0804,0,6.7,1,2,1,2,78
0.0848,0,0,1,2,1,2,78
0.1282,0,0,1,2,1,2,78
0.0897,0,0,1,2,1,2,78
0.0749,0,0,2,2,1,2,78
0.1399,0,0,2,3,1,2,78
0.0888,0,1.7,3,3,1,2,78
0.074,0,0,3,4,1,2,78
0.063,0,6.7,3,4,1,2,78
0.072,0,0,3,4,1,2,78
0.0757,0,11.7,2,4,1,2,78
0.1054,6.7,0,2,4,1,2,78
0.1721,1.7,0,1,4,1,2,78
0.0569,20,0,1,4,1,2,78
0.0714,0,0,1,4,1,2,78
0.0692,0,0,1,1,1,2,78
0.0258,100,0,1,1,1,2,78
0.0274,71.7,0,2,2,1,2,78
0.023,100,0,2,2,1,2,78
0.0326,100,0,3,2,1,2,78
0.027,0,0,3,2,1,2,78
0.1002,0,0,3,2,1,2,78
0.0716,0,35,3,2,1,2,78
0.0912,0,15,2,2,1,2,78
0.0951,0,0,2,2,1,2,78
0.0971,5,0,1,2,1,2,78
0.0694,0,0,1,2,1,2,78
0.1603,0,0,2,4,1,3,84
0.097,0,0.3,1,4,1,3,84
0.124,0,0,1,4,1,3,84
0.1252,0,0,1,4,1,3,84
0.0913,0,0,1,4,1,3,84
0.1153,1.7,0,1,4,1,3,84
0.1098,0,0,2,4,1,3,84
0.0935,0,0,2,4,1,3,84
0.0755,0,0,3,1,1,3,84
0.0827,0,0,3,1,1,3,84
0.117,0,0,3,2,1,3,84
0.0797,0,0,3,2,1,3,84
0.0693,0,0,2,2,1,3,84
0.0833,0,0,2,2,1,3,84
0.0787,0,0,1,2,1,3,84
0.1131,0,32,1,2,1,3,84
0.1116,1.7,16,1,2,1,3,84
0.0891,1.7,5,1,2,1,3,84
0.2714,0,0,1,2,1,3,84
0.1103,0,0.4,2,2,1,3,84
0.0668,0,0,2,2,1,3,84
0.0823,1.7,0,3,2,1,3,84
0.076,1.7,0,3,2,1,3,84
0.0705,0,0,3,3,1,3,84
0.0778,0,0,3,3,1,3,84
0.072,0,0,2,4,1,3,84
0.0899,0,0,2,4,1,3,84
0.0868,0,0,1,4,1,3,84
0.0909,0,0,1,4,1,3,84
0.0968,1.7,44,1,4,1,3,84
0.0849,0,0,1,4,1,3,84
0.0952,0,0,1,4,1,3,84
0.0818,0,0,2,4,1,3,84
0.0896,0,0,2,1,1,3,84
0.1375,0,0,3,1,1,3,84
0.0779,0,0,3,2,1,3,84
0.0769,0,0,3,2,1,3,84
0.0838,0,0,3,2,1,3,84
0.1075,0,0,2,2,1,3,84
0.0862,0,0,2,2,1,3,84
0.1017,0,0,1,2,1,3,84
0.1035,0,0,1,2,1,3,84
0.095,0,0,1,2,1,3,84
0.3456,0,0,1,2,1,3,84
0.118,0,0.7,1,2,1,3,84
0.0885,0,0,2,2,1,3,84
0.0782,0,0,2,2,1,3,84
0.1049,0,0,3,2,1,3,84
0.077,0,0,3,3,1,3,84
0.0846,5,0,3,3,1,3,84
0.1275,0,0,3,4,1,3,84
0.0939,0,0.1,2,4,1,3,84
0.1169,0,0,2,4,1,3,84
0.1414,0,0,1,4,1,3,84
0.0892,0,20,1,4,1,3,84
0.0844,0,18,1,4,1,3,84
0.0981,3.3,22,1,4,1,3,84
0.0978,0,0,1,4,1,3,84
0.0867,0,0,2,1,1,3,84
0.0961,0,0,2,1,1,3,84
0.0799,0,0,3,2,1,3,84
0.1036,0,0,3,2,1,3,84
0.0832,0,0,3,2,1,3,84
0.0819,0,0,3,2,1,3,84
0.082,0,0,2,2,1,3,84
0.0781,0,0,2,2,1,3,84
0.1029,1.7,0,1,2,1,3,84
0.1095,0,0,1,2,1,3,84
0.106,0,10,1,2,1,3,84
0.1565,0,0,1,2,1,3,84
0.1268,0,20,1,2,1,3,84
0.0801,0,1,2,2,1,3,84
0.0861,11.7,0,2,2,1,3,84
0.0871,0,0,3,3,1,3,84
0.0774,0,0,3,3,1,3,84
0.139,0,0,3,4,1,3,84
0.0985,0,0,3,4,1,3,84
0.0993,0,0,2,4,1,3,84
0.1101,0,0,2,4,1,3,84
0.0874,0,0,1,4,1,3,84
0.0797,0,0,1,4,1,3,84
0.1447,0,0,1,4,1,3,84
0.0837,0,10,1,4,1,3,84
0.0816,0,0,1,1,1,3,84
0.0777,0,0,2,1,1,3,84
0.0804,0,0,2,2,1,3,84
0.1063,0,0,3,2,1,3,84
0.0912,0,0,3,2,1,3,84
0.1107,0,0,3,2,1,3,84
0.1761,0,0.1,3,2,1,3,84
0.0983,0,0.3,2,2,1,3,84
0.0827,1.7,0,2,2,1,3,84
0.089,0,0,1,2,1,3,84
0.1127,0,0,1,2,1,3,84
0.1542,0,0,1,2,1,3,84
0.1704,0,12,1,2,1,3,84
0.1017,0,5,1,2,1,3,84
0.0252,0,0.1,2,2,1,3,84
0.0803,100,0,2,3,1,3,84
0.0269,60,0.1,3,3,1,3,84
0.162,100,0,3,4,1,3,84
0.099,0,0.1,3,4,1,3,84
0.1376,0,0,3,4,1,3,84
0.1018,0,0,2,4,1,3,84
0.1399,0,0,2,4,1,3,84
0.1243,0,0.1,1,4,1,3,84
0.0938,0,0.1,1,4,1,3,84
0.0855,0,0,1,4,1,3,84
0.0936,0,0,1,1,1,3,84
0.101,0,0,1,1,1,3,84
0.0558,3.3,0,2,2,1,3,84
0.0293,66.7,0,2,2,1,3,84
0.0917,100,0,3,2,1,3,84
0.1324,0,0,3,2,1,3,84
0.0884,0,0,3,2,1,3,84
0.1701,1.7,0,3,2,1,3,84
0.0772,0,0.2,2,2,1,3,84
0.1396,6.7,0,2,2,1,3,84
0.1703,0,0,1,2,1,3,84
0.1218,0,0,1,2,1,3,84
0.0793,0,0,2,2,1,4,101
0.0734,6.7,6.7,1,2,1,4,101
0.0824,8.3,5,1,2,1,4,101
0.105,6.7,0,1,2,1,4,101
0.07,0,6.7,1,2,1,4,101
0.0747,11.7,1.7,1,2,1,4,101
0.0902,16.7,1.7,2,3,1,4,101
0.0914,1.7,0,2,3,1,4,101
0.0747,16.7,0,3,4,1,4,101
0.0707,3.3,0,3,4,1,4,101
0.0642,10,3.3,3,4,1,4,101
0.0683,16.7,0,3,4,1,4,101
0.0378,38.3,10,2,4,1,4,101
0.083,80,0,2,4,1,4,101
0.1634,0,0,1,4,1,4,101
0.1509,0,0,1,4,1,4,101
0.0811,0,0,1,4,1,4,101
0.0975,0,0,1,4,1,4,101
0.0981,0,55,1,1,1,4,101
0.1453,0,35,2,1,1,4,101
0.0986,0,35,2,2,1,4,101
0.0756,0,41.7,3,2,1,4,101
0.1119,3.3,8.3,3,2,1,4,101
0.1278,3.3,21.7,3,2,1,4,101
0.0728,0,0,3,2,1,4,101
0.1525,0,0,2,2,1,4,101
0.0783,0,16.7,2,2,1,4,101
0.1239,0,0,1,2,1,4,101
0.0829,0,0,1,2,1,4,101
0.0949,0,0,1,2,1,4,101
0.1557,0,10,1,3,1,4,101
0.1031,0,12,1,3,1,4,101
0.0307,0,8.3,2,4,1,4,101
0.0375,100,0,2,4,1,4,101
0.0571,88.3,0,3,4,1,4,101
0.0595,65,0,3,4,1,4,101
0.0837,41.7,0,3,4,1,4,101
0.0831,0,18.3,3,4,1,4,101
0.1154,0,0,2,4,1,4,101
0.0667,0,10,2,4,1,4,101
0.1523,1.7,0,1,4,1,4,101
0.1299,0,28.3,1,4,1,4,101
0.1047,0,10,1,1,1,4,101
0.1538,0,17,1,1,1,4,101
0.1161,0,10,1,2,1,4,101
0.0911,0,43.3,2,2,1,4,101
0.0774,0,0,2,2,1,4,101
0.1285,0,3.3,3,2,1,4,101
0.112,0,20,3,2,1,4,101
0.0892,0,53.3,3,2,1,4,101
0.0957,10,5,3,2,1,4,101
0.0715,0,3.3,2,2,1,4,101
0.0665,5,0,2,2,1,4,101
0.0747,8.3,0,1,2,1,4,101
0.0907,5,0,1,3,1,4,101
0.1928,0,44,1,3,1,4,101
0.1561,0,5,1,4,1,4,101
0.0299,0,10,1,4,1,4,101
0.0563,100,0,2,4,1,4,101
0.03,71.7,6.7,2,4,1,4,101
0.0279,100,0,3,4,1,4,101
0.0736,100,0,3,4,1,4,101
0.097,8.3,3.3,3,4,1,4,101
0.1096,0,0,3,4,1,4,101
0.1075,0,0,2,4,1,4,101
0.099,0,0,2,4,1,4,101
0.0842,0,22,1,1,1,4,101
0.0815,0,14,1,1,1,4,101
0.083,0,0,1,2,1,4,101
0.0824,0,0,1,2,1,4,101
0.0787,0,16,1,2,1,4,101
0.0547,0,0,2,2,1,4,101
0.0692,0,0,2,2,2,5,101
0.1534,0,26.7,1,2,2,5,101
0.0983,0,1.7,1,2,2,5,101
0.0793,1.7,0,1,2,2,5,101
0.0791,0,28,1,2,2,5,101
0.1077,0,1.7,2,3,2,5,101
0.0837,0,0,2,3,2,5,101
0.0267,100,0,3,4,2,5,101
0.0249,100,0,3,4,2,5,101
0.0283,100,0,3,4,2,5,101
0.0636,0,0,3,4,2,5,101
0.0741,0,0,2,4,2,5,101
0.0789,0,0,2,4,2,5,101
0.0591,0,0,2,4,2,5,101
0.0959,0,0,1,4,2,5,101
0.0579,0,21,1,4,2,5,101
0.0771,0,27.7,1,4,2,5,101
0.0783,0,3.3,2,4,2,5,101
0.0583,13.3,0,2,1,2,5,101
0.0385,71.7,0,3,1,2,5,101
0.0576,0,0,3,2,2,5,101
0.0597,5,0,3,2,2,5,101
0.037,76.7,0,3,2,2,5,101
0.0985,0,1.7,2,2,2,5,101
0.0683,0,0,2,2,2,5,101
0.078,0,0,2,2,2,5,101
0.0569,0,10,1,2,2,5,101
0.0714,0,21,1,2,2,5,101
0.0606,16.7,0,1,2,2,5,101
0.1013,0,4,1,3,2,5,101
0.1093,0,13.3,2,3,2,5,101
0.0694,0,0,2,4,2,5,101
0.0292,100,0,3,4,2,5,101
0.0689,13.3,0,3,4,2,5,101
0.0265,100,0,3,4,2,5,101
0.0825,0,0,3,4,2,5,101
0.1038,0,8.3,2,4,2,5,101
0.104,0,0,2,4,2,5,101
0.0734,0,0,2,4,2,5,101
0.1077,0,18,1,4,2,5,101
0.0696,0,0,1,4,2,5,101
0.0782,0,1.7,1,4,2,5,101
0.0643,0,10,1,1,2,5,101
0.0679,3.3,0,2,1,2,5,101
0.0325,100,0,2,2,2,5,101
0.0589,10,0,3,2,2,5,101
0.0789,5,0,3,2,2,5,101
0.0467,35,0,3,2,2,5,101
0.0518,8.3,0,3,2,2,5,101
0.0717,3.3,3.3,2,2,2,5,101
0.0742,11.7,0,2,2,2,5,101
0.0648,15,0,2,2,2,5,101
0.0918,5,0,1,2,2,5,101
0.1121,0,8.3,1,3,2,5,101
0.0928,3.3,33,1,3,2,5,101
0.0703,1.7,3.3,1,4,2,5,101
0.0487,50,0,2,4,2,5,101
0.0267,100,0,2,4,2,5,101
0.093,25,5,3,4,2,5,101
0.0245,100,0,3,4,2,5,101
0.1027,0,3.3,3,4,2,5,101
0.0782,0,0,3,4,2,5,101
0.0608,0,0,2,4,2,5,101
0.0638,1.7,0,2,4,2,5,101
0.0612,0,0,2,4,2,5,101
0.0883,0,0,1,4,2,5,101
0.1026,0,0,1,1,2,5,101
0.1123,0,90,1,1,2,5,101
0.0525,30,0,1,2,2,5,101
0.0693,13.3,0,2,2,2,5,101
0.0596,3.3,0,2,2,2,5,101
0.0531,0,0,3,2,2,5,101
0.0542,1.7,0,3,2,2,5,101
0.0697,3.3,0,3,2,2,5,101
0.1275,0,5,3,2,2,5,101
0.1091,0,10,2,2,2,5,101
0.1041,0,1.7,2,2,2,5,101
0.0658,0,0,2,3,2,5,101
0.0798,3.3,0,1,3,2,5,101
0.0611,5,0,1,4,2,5,101
0.0666,10,0,1,4,2,5,101
0.095,0,0,1,4,2,5,101
0.0689,10,0,2,4,2,5,101
0.0287,100,0,2,4,2,5,101
0.1167,0,76.7,3,4,2,5,101
0.0677,5,0,3,4,2,5,101
0.0667,0,0,3,4,2,5,101
0.0584,5,0,3,4,2,5,101
0.0509,11.7,0,2,4,2,5,101
0.0691,6.7,0,2,4,2,5,101
0.0616,11.7,0,2,1,2,5,101
0.0536,8.3,0,1,1,2,5,101
0.0751,0,0,1,2,2,5,101
0.0846,46.7,8.3,1,2,2,5,101
0.0571,0,0,1,2,2,5,101
0.0689,1.7,0,2,2,2,5,101
0.0499,13.3,0,2,2,2,5,101
0.0672,0,0,3,2,2,5,101
0.0787,0,0,3,2,2,5,101
0.1453,0,8.3,3,2,2,5,101
0.1298,0,5,3,2,2,5,101
0.083,0,0,2,3,2,5,101
0.0671,1.7,0,2,3,2,5,101
0.0578,3.3,0,2,4,2,5,101
0.1026,13.3,0,1,4,2,5,101
0.0635,1.7,0,1,4,2,5,101
0.0284,100,0,1,4,2,5,101
0.0444,78.3,0,1,4,2,5,101
0.051,0,0,2,4,2,5,101
0.0482,3.3,0,2,4,2,5,101
0.0784,0,0,3,4,2,5,101
0.0879,0,8.3,3,4,2,5,101
0.0875,0,0,3,4,2,5,101
0.067,0,0,3,4,2,5,101
0.0634,0,0,2,1,2,5,101
0.0731,0,0,2,1,2,5,101
0.0671,0,0,2,2,2,5,101
0.0646,1.7,0,1,2,2,5,101
0.0557,13.3,0,1,2,2,5,101
0.0548,0,0,1,2,2,5,101
0.0623,0,0,2,2,1,6,103
0.0757,13.3,0,1,2,1,6,103
0.096,0,0,1,2,1,6,103
0.0999,3.3,0,1,2,1,6,103
0.0998,0,0,1,2,1,6,103
0.1089,0,0,1,2,1,6,103
0.0846,0,0,2,3,1,6,103
0.0799,0,0,2,3,1,6,103
0.0323,100,0,3,4,1,6,103
0.0637,0,0,3,4,1,6,103
0.0674,0,0,3,4,1,6,103
0.0651,5,0,3,4,1,6,103
0.0634,0,0,2,4,1,6,103
0.1546,0,0,2,4,1,6,103
0.0895,0,1.7,1,4,1,6,103
0.1055,0,0,1,4,1,6,103
0.1023,0,0,1,4,1,6,103
0.0991,0,0,1,4,1,6,103
0.1336,0,0,1,1,1,6,103
0.0803,0,11.7,2,1,1,6,103
0.0808,0,3.3,2,2,1,6,103
0.0721,0,8.3,3,2,1,6,103
0.0646,0,0,3,2,1,6,103
0.0689,0,0,3,2,1,6,103
0.064,0,0,3,2,1,6,103
0.0658,0,0,2,2,1,6,103
0.0699,1.7,0,2,2,1,6,103
0.0716,0,0,1,2,1,6,103
0.1248,0,0,1,2,1,6,103
0.1167,0,8.3,1,2,1,6,103
0.1048,0,1.7,1,3,1,6,103
0.0938,0,0,1,3,1,6,103
0.0621,78.3,0,2,4,1,6,103
0.0853,0,10,2,4,1,6,103
0.0623,0,0,3,4,1,6,103
0.0731,0,0,3,4,1,6,103
0.0695,0,10,3,4,1,6,103
0.0626,0,0,3,4,1,6,103
0.0612,0,0,2,4,1,6,103
0.0885,3.3,0,2,4,1,6,103
0.1147,0,0,1,4,1,6,103
0.0734,0,0,1,4,1,6,103
0.0908,0,0,1,1,1,6,103
0.0758,0,0,1,1,1,6,103
0.069,0,0,1,2,1,6,103
0.1453,0,0,2,2,1,6,103
0.0694,0,1.7,2,2,1,6,103
0.0663,0,0,3,2,1,6,103
0.0716,0,0,3,2,1,6,103
0.0662,3.3,0,3,2,1,6,103
0.079,0,0,3,2,1,6,103
0.0737,5,0,2,2,1,6,103
0.0685,0,0,2,2,1,6,103
0.1206,0,0,1,2,1,6,103
0.0838,0,0,1,3,1,6,103
0.0824,0,0,1,3,1,6,103
0.0762,0,3.3,1,4,1,6,103
0.0716,0,0,1,4,1,6,103
0.0283,100,0,2,4,1,6,103
0.051,18.3,0,2,4,1,6,103
0.0626,0,0,3,4,1,6,103
0.0754,0,0,3,4,1,6,103
0.0928,0,0,3,4,1,6,103
0.091,0,8.3,3,4,1,6,103
0.0969,0,0,2,4,1,6,103
0.1577,0,3.3,2,4,1,6,103
0.1181,0,13.3,1,1,1,6,103
0.0868,1.7,0,1,1,1,6,103
0.0709,0,0,1,2,1,6,103
0.0279,100,0,1,2,1,6,103
0.0746,0,0,1,2,1,6,103
0.0541,0,0,2,2,1,6,103
0.0641,0,0,3,2,1,7,104
0.0809,26.7,0,3,2,1,7,104
0.0922,21.7,23.3,3,2,1,7,104
0.088,5,6.7,3,2,1,7,104
0.0933,0,3.3,2,2,1,7,104
0.0708,0,1.7,2,2,1,7,104
0.0923,0,0,1,2,1,7,104
0.0664,0,31.7,1,2,1,7,104
0.123,0,0,1,2,1,7,104
0.0859,11.7,18.3,1,2,1,7,104
0.0881,8.3,0,2,3,1,7,104
0.1017,0,3.3,2,3,1,7,104
0.1051,0,16.7,3,4,1,7,104
0.0567,5,8.3,3,4,1,7,104
0.0285,58.3,11.7,3,4,1,7,104
0.0835,100,0,3,4,1,7,104
0.0795,0,0,3,4,1,7,104
0.0834,8.3,3.3,2,4,1,7,104
0.0692,0,8.3,2,4,1,7,104
0.0747,5,0,1,4,1,7,104
0.0859,1.7,0,1,1,1,7,104
0.0774,0,0,1,1,1,7,104
0.1207,3.3,13.3,1,2,1,7,104
0.0762,0,3.3,2,2,1,7,104
0.078,0,3.3,2,2,1,7,104
0.0566,5,0,3,2,1,7,104
0.0291,56.7,0,3,2,1,7,104
0.1275,100,0,3,2,1,7,104
0.0744,0,20,3,2,1,7,104
0.0722,0,0,3,2,1,7,104
0.0878,1.7,0,2,2,1,7,104
0.1107,5,3.3,2,2,1,7,104
0.1338,51.7,6.7,1,2,1,7,104
0.0279,63.3,5,1,2,1,7,104
0.1371,100,0,1,3,1,7,104
0.0598,0,16.7,1,3,1,7,104
0.0649,33.3,1.7,2,4,1,7,104
0.092,30,0,2,4,1,7,104
0.0369,43.3,10,3,4,1,7,104
0.0247,88.3,0,3,4,1,7,104
0.0824,100,0,3,4,1,7,104
0.0568,5,8.3,3,4,1,7,104
0.1126,35,0,3,4,1,7,104
0.0688,0,43.3,2,4,1,7,104
0.0708,3.3,0,2,1,1,7,104
0.0724,11.7,3.3,1,1,1,7,104
0.0661,0,0,1,2,1,7,104
0.0926,3.3,0,1,2,1,7,104
0.1345,16.7,8.3,1,2,1,7,104
0.119,0,0,2,2,1,7,104
0.1055,0,0,2,2,1,7,104
0.0301,0,18.3,3,2,1,7,104
0.1106,100,0,3,2,1,7,104
0.0674,0,3.3,3,2,1,7,104
0.0929,10,3.3,3,2,1,7,104
0.087,0,0,3,2,1,7,104
0.1063,0,5,2,2,1,7,104
0.0987,41.7,15,2,2,1,7,104
0.0309,3.3,28.3,1,3,1,7,104
0.1236,100,0,1,3,1,7,104
0.1058,0,45,1,4,1,7,104
0.0827,0,3.3,1,4,1,7,104
0.031,0,5,2,4,1,7,104
0.0831,100,0,2,4,1,7,104
0.0791,0,5,3,4,1,7,104
0.1464,0,8.3,3,4,1,7,104
0.0986,1.7,21.7,3,4,1,7,104
0.0841,0,5,3,4,1,7,104
0.0984,0,1.7,3,1,1,7,104
0.0726,1.7,20,2,1,1,7,104
0.0672,3.3,3.3,2,2,1,7,104
0.0727,3.3,0,1,2,1,7,104
0.0915,18.3,3.3,1,2,1,7,104
0.0667,0,10,1,2,1,7,104
0.0688,0,0,1,2,1,7,104
0.1125,21.7,6.7,2,2,1,7,104
0.0579,0,0,2,2,1,7,104
0.1079,21.7,0,3,2,1,7,104
0.0463,6.7,6.7,3,2,1,7,104
0.0742,93.3,0,3,2,1,7,104
0.0887,0,3.3,3,2,1,7,104
0.0734,0,3.3,3,2,1,7,104
0.0619,0,10,2,3,1,7,104
0.0755,6.7,0,2,3,1,7,104
0.0837,0,0,1,4,1,7,104
0.08,20,8.3,1,4,1,7,104
0.0647,3.3,0,1,4,1,7,104
0.1346,11.7,0,1,4,1,7,104
0.0816,0,23.3,2,4,1,7,104
0.0599,31.7,5,2,4,1,7,104
0.0989,40,0,3,4,1,7,104
0.0571,1.7,5,3,4,1,7,104
0.0864,15,0,3,1,1,7,104
0.0936,0,18.3,3,1,1,7,104
0.0639,11.7,10,3,2,1,7,104
0.1674,20,0,2,2,1,7,104
0.1311,10,11.7,2,2,1,7,104
0.0778,0,46.7,1,2,1,7,104
0.0678,0,0,1,2,1,7,104
0.0738,0,0,1,2,1,7,104
0.0574,0,0,1,2,1,7,104
0.0572,15,0,2,2,1,7,104
0.0582,3.3,0,2,2,1,7,104
0.0697,0,0,3,2,1,7,104
0.0888,0,0,3,2,1,7,104
0.1002,20,16.7,3,2,1,7,104
0.0811,0,0,3,3,1,7,104
0.1066,0,3.3,3,3,1,7,104
0.1,1.7,6.7,2,4,1,7,104
0.0826,0,0,2,4,1,7,104
0.0787,1.7,5,1,4,1,7,104
0.0881,0,0,1,4,1,7,104
0.0706,0,1.7,1,4,1,7,104
0.0987,31.7,0,1,4,1,7,104
0.1125,33.3,0,2,4,1,7,104
0.0567,0,13.3,2,4,1,7,104
0.0739,40,0,3,1,1,7,104
0.1284,0,0,3,1,1,7,104
0.0831,0,51.7,3,2,1,7,104
0.0678,5,1.7,3,2,1,7,104
0.0723,0,0,2,2,1,8,105
0.0891,0,0,1,2,1,8,105
0.1329,0,0,1,2,1,8,105
0.1191,0,13.3,1,2,1,8,105
0.0973,0,0,1,2,1,8,105
0.1678,0,55,1,2,1,8,105
0.0687,0,0,2,3,1,8,105
0.0744,0,0,2,3,1,8,105
0.0677,0,0,3,4,1,8,105
0.0614,1.7,0,3,4,1,8,105
0.061,3.3,0,3,4,1,8,105
0.0281,100,0,3,4,1,8,105
0.081,0,0,2,4,1,8,105
0.0679,0,0,2,4,1,8,105
0.0938,0,0,1,4,1,8,105
0.1015,0,0,1,4,1,8,105
0.1007,0,3.3,1,4,1,8,105
0.0982,0,0,1,4,1,8,105
0.2017,0,85,1,1,1,8,105
0.0658,1.7,0,2,1,1,8,105
0.1217,0,16.7,2,2,1,8,105
0.0729,0,0,3,2,1,8,105
0.0657,1.7,0,3,2,1,8,105
0.0672,21.7,0,3,2,1,8,105
0.0578,16.7,0,3,2,1,8,105
0.09,0,0,2,2,1,8,105
0.0765,5,0,2,2,1,8,105
0.1275,0,0,1,2,1,8,105
0.0972,0,0,1,2,1,8,105
0.1217,0,1.7,1,2,1,8,105
0.1119,0,5,1,3,1,8,105
0.1095,0,60,1,3,1,8,105
0.0599,18.3,0,2,4,1,8,105
0.0572,0,0,2,4,1,8,105
0.0609,30,0,3,4,1,8,105
0.0275,100,0,3,4,1,8,105
0.0467,46.7,0,3,4,1,8,105
0.0624,0,0,3,4,1,8,105
0.0596,0,0,2,4,1,8,105
0.0684,0,0,2,4,1,8,105
0.0665,0,0,1,4,1,8,105
0.0978,0,0,1,4,1,8,105
0.0997,0,0,1,1,1,8,105
0.0927,0,0,1,1,1,8,105
0.0889,21.7,0,1,2,1,8,105
0.077,10,0,2,2,1,8,105
0.0725,0,0,2,2,1,8,105
0.0582,3.3,0,3,2,1,8,105
0.064,5,0,3,2,1,8,105
0.0758,0,0,3,2,1,8,105
0.0972,0,0,3,2,1,8,105
0.0633,10,0,2,2,1,8,105
0.1177,0,20,2,2,1,8,105
0.0723,10,0,1,2,1,8,105
0.0738,15,0,1,3,1,8,105
0.0618,11.7,0,1,3,1,8,105
0.0666,6.7,0,1,4,1,8,105
0.0319,100,0,1,4,1,8,105
0.0692,0,0,2,4,1,8,105
0.0534,31.7,0,2,4,1,8,105
0.0542,18.3,0,3,4,1,8,105
0.0729,11.7,0,3,4,1,8,105
0.068,6.7,0,3,4,1,8,105
0.0966,0,1.7,3,4,1,8,105
0.1011,3.3,5,2,4,1,8,105
0.1268,0,5,2,4,1,8,105
0.1204,0,3.3,1,1,1,8,105
0.0954,0,0,1,1,1,8,105
0.1169,0,0,1,2,1,8,105
0.077,16.7,0,1,2,1,8,105
0.0816,0,0,1,2,1,8,105
0.0571,13.3,0,2,2,1,8,105
0.0619,15,0,1,2,1,8,105
0.0672,13.3,1.7,1,2,1,8,105
0.0669,16.7,0,1,2,1,8,105
0.0632,6.7,0,1,2,1,8,105
0.1037,8.3,0,2,2,1,8,105
0.1005,0,20,2,2,1,8,105
0.1008,0,0,3,3,1,8,105
0.1711,0,95,3,3,1,8,105
0.1481,0,15,3,4,1,8,105
0.0667,0,0,3,4,1,8,105
0.0542,20,0,2,4,1,8,105
0.1287,0,0,2,4,1,8,105
0.0641,0,0,3,2,1,9,110
0.0809,26.7,0,3,2,1,9,110
0.0922,21.7,23.3,3,2,1,9,110
0.088,5,6.7,3,2,1,9,110
0.0933,0,3.3,2,2,1,9,110
0.0708,0,1.7,2,2,1,9,110
0.0923,0,0,1,2,1,9,110
0.0664,0,31.7,1,2,1,9,110
0.123,0,0,1,2,1,9,110
0.0859,11.7,18.3,1,2,1,9,110
0.0881,8.3,0,2,3,1,9,110
0.1017,0,3.3,2,3,1,9,110
0.1051,0,16.7,3,4,1,9,110
0.0567,5,8.3,3,4,1,9,110
0.0285,58.3,11.7,3,4,1,9,110
0.0835,100,0,3,4,1,9,110
0.0795,0,0,3,4,1,9,110
0.0834,8.3,3.3,2,4,1,9,110
0.0692,0,8.3,2,4,1,9,110
0.0747,5,0,1,4,1,9,110
0.0859,1.7,0,1,1,1,9,110
0.0774,0,0,1,1,1,9,110
0.1207,3.3,13.3,1,2,1,9,110
0.0762,0,3.3,2,2,1,9,110
0.078,0,3.3,2,2,1,9,110
0.0566,5,0,3,2,1,9,110
0.0291,56.7,0,3,2,1,9,110
0.1275,100,0,3,2,1,9,110
0.0744,0,20,3,2,1,9,110
0.0722,0,0,3,2,1,9,110
0.0878,1.7,0,2,2,1,9,110
0.1107,5,3.3,2,2,1,9,110
0.1338,51.7,6.7,1,2,1,9,110
0.0279,63.3,5,1,2,1,9,110
0.1371,100,0,1,3,1,9,110
0.0598,0,16.7,1,3,1,9,110
0.0649,33.3,1.7,2,4,1,9,110
0.092,30,0,2,4,1,9,110
0.0369,43.3,10,3,4,1,9,110
0.0247,88.3,0,3,4,1,9,110
0.0824,100,0,3,4,1,9,110
0.0568,5,8.3,3,4,1,9,110
0.1126,35,0,3,4,1,9,110
0.0688,0,43.3,2,4,1,9,110
0.0708,3.3,0,2,1,1,9,110
0.0724,11.7,3.3,1,1,1,9,110
0.0661,0,0,1,2,1,9,110
0.0926,3.3,0,1,2,1,9,110
0.1345,16.7,8.3,1,2,1,9,110
0.119,0,0,2,2,1,9,110
0.1055,0,0,2,2,1,9,110
0.0301,0,18.3,3,2,1,9,110
0.1106,100,0,3,2,1,9,110
0.0674,0,3.3,3,2,1,9,110
0.0929,10,3.3,3,2,1,9,110
0.087,0,0,3,2,1,9,110
0.1063,0,5,2,2,1,9,110
0.0987,41.7,15,2,2,1,9,110
0.0309,3.3,28.3,1,3,1,9,110
0.1236,100,0,1,3,1,9,110
0.1058,0,45,1,4,1,9,110
0.0827,0,3.3,1,4,1,9,110
0.031,0,5,2,4,1,9,110
0.0831,100,0,2,4,1,9,110
0.0791,0,5,3,4,1,9,110
0.1464,0,8.3,3,4,1,9,110
0.0986,1.7,21.7,3,4,1,9,110
0.0841,0,5,3,4,1,9,110
0.0984,0,1.7,3,1,1,9,110
0.0726,1.7,20,2,1,1,9,110
0.0672,3.3,3.3,2,2,1,9,110
0.0727,3.3,0,1,2,1,9,110
0.0915,18.3,3.3,1,2,1,9,110
0.0667,0,10,1,2,1,9,110
0.0688,0,0,1,2,1,9,110
0.1125,21.7,6.7,2,2,1,9,110
0.0579,0,0,2,2,1,9,110
0.1079,21.7,0,3,2,1,9,110
0.0463,6.7,6.7,3,2,1,9,110
0.0742,93.3,0,3,2,1,9,110
0.0887,0,3.3,3,2,1,9,110
0.0734,0,3.3,3,2,1,9,110
0.0619,0,10,2,3,1,9,110
0.0755,6.7,0,2,3,1,9,110
0.0837,0,0,1,4,1,9,110
0.08,20,8.3,1,4,1,9,110
0.0647,3.3,0,1,4,1,9,110
0.1346,11.7,0,1,4,1,9,110
0.0816,0,23.3,2,4,1,9,110
0.0599,31.7,5,2,4,1,9,110
0.0989,40,0,3,4,1,9,110
0.0571,1.7,5,3,4,1,9,110
0.0864,15,0,3,1,1,9,110
0.0936,0,18.3,3,1,1,9,110
0.0639,11.7,10,3,2,1,9,110
0.1674,20,0,2,2,1,9,110
0.1311,10,11.7,2,2,1,9,110
0.0778,0,46.7,1,2,1,9,110
0.0678,0,0,1,2,1,9,110
0.0738,0,0,1,2,1,9,110
0.0574,0,0,1,2,1,9,110
0.0572,15,0,2,2,1,9,110
0.0582,3.3,0,2,2,1,9,110
0.0697,0,0,3,2,1,9,110
0.0888,0,0,3,2,1,9,110
0.1002,20,16.7,3,2,1,9,110
0.0811,0,0,3,3,1,9,110
0.1066,0,3.3,3,3,1,9,110
0.1,1.7,6.7,2,4,1,9,110
0.0826,0,0,2,4,1,9,110
0.0787,1.7,5,1,4,1,9,110
0.0881,0,0,1,4,1,9,110
0.0706,0,1.7,1,4,1,9,110
0.0987,31.7,0,1,4,1,9,110
0.1125,33.3,0,2,4,1,9,110
0.0567,0,13.3,2,4,1,9,110
0.0739,40,0,3,1,1,9,110
0.1284,0,0,3,1,1,9,110
0.0831,0,51.7,3,2,1,9,110
0.0678,5,1.7,3,2,1,9,110
0.0672432,0,0,2,2,2,10,117
0.0739695,0,0,2,2,1,10,117
0.118026,0,11.7,1,2,1,10,117
0.129973,0,98.3,1,2,1,10,117
0.121852,0,90,1,2,1,10,117
0.106408,0,95,1,2,1,10,117
0.0812322,3.3,0,2,3,1,10,117
0.0651232,0,0,2,3,1,10,117
0.0957397,1.7,13.3,3,4,1,10,117
0.077735,90,0,3,4,1,10,117
0.0568454,98.3,0,3,4,1,10,117
0.0536562,75,0,3,4,1,10,117
0.0651456,0,0,3,4,1,10,117
0.075782,0,0,2,4,1,10,117
0.0940207,0,3.3,2,4,1,10,117
0.100012,0,0,1,4,1,10,117
0.0745372,18.3,0,1,4,1,10,117
0.0851172,10,0,1,4,1,10,117
0.157492,0,88.3,1,1,1,10,117
0.0869333,0,0,2,1,1,10,117
0.0701167,88.3,0,2,2,1,10,117
0.0554642,90,0,3,2,1,10,117
0.0289044,0,0,3,2,1,10,117
0.0621547,100,0,3,2,1,10,117
0.0596652,0,0,3,2,1,10,117
0.0600968,3.3,0,3,2,1,10,117
0.0784702,5,0,2,2,1,10,117
0.0894905,0,0,2,2,1,10,117
0.0873653,5,0,1,2,1,10,117
0.0840995,10,3.3,1,2,1,10,117
0.108893,0,0,1,3,1,10,117
0.0698137,0,1.7,1,3,1,10,117
0.071993,0,0,2,4,1,10,117
0.0620055,13.3,0,2,4,1,10,117
0.066647,0,0,3,4,1,10,117
0.0521372,93.3,0,3,4,1,10,117
0.053306,3.3,0,3,4,1,10,117
0.072772,0,0,3,4,1,10,117
0.0838595,0,0,3,4,1,10,117
0.0694838,1.7,0,2,4,1,10,117
0.0658023,0,0,2,4,1,10,117
0.0887173,0,0,1,4,1,10,117
0.109346,0,0,1,1,1,10,117
0.0658065,0,0,1,1,1,10,117
0.0809607,1.7,0,1,2,1,10,117
0.140107,3.3,16.7,2,2,1,10,117
0.0575065,23.3,0,2,2,1,10,117
0.108332,36.7,0,3,2,1,10,117
0.0820367,0,0,3,2,1,10,117
0.0649132,0,0,3,2,1,10,117
0.0706248,0,0,3,2,1,10,117
0.115512,1.7,51.7,3,2,1,10,117
0.0904573,1.7,10,2,2,1,10,117
0.059367,0,0,2,2,1,10,117
0.0746675,21.7,0,1,3,1,10,117
0.0764498,16.7,0,1,3,1,10,117
0.0858727,25,0,1,4,1,10,117
0.0305884,0,0,1,4,1,10,117
0.0534222,30,0,2,4,1,10,117
0.0578098,81.7,0,2,4,1,10,117
0.0798978,0,0,3,4,1,10,117
0.1019,0,23.3,3,2,2,11,119
0.0469,0,0,2,2,2,11,119
0.089,0,83.3,1,2,2,11,119
0.0725,0,1.7,1,2,2,11,119
0.0732,0,0,1,2,2,11,119
0.0879,0,0,1,2,2,11,119
0.0839,0,0,2,3,2,11,119
0.0904,0,1.7,2,3,2,11,119
0.0896,0,6.7,3,4,2,11,119
0.0644,5,0,3,4,2,11,119
0.0653,0,0,3,4,2,11,119
0.0613,6.7,0,3,4,2,11,119
0.0507,6.7,0,2,4,2,11,119
0.0772,0,0,2,4,2,11,119
0.055,0,0,2,4,2,11,119
0.0988,0,0,1,4,2,11,119
0.0777,0,6.7,1,4,2,11,119
0.0964,0,6.7,1,4,2,11,119
0.0702,0,0,1,1,2,11,119
0.0614,31.7,0,2,1,2,11,119
0.0659,0,0,2,2,2,11,119
0.1242,0,5,3,2,2,11,119
0.0623,0,0,3,2,2,11,119
0.1507,0,10,3,2,2,11,119
0.1184,0,63.3,3,2,2,11,119
0.0735,0,0,2,2,2,11,119
0.077,0,0,2,2,2,11,119
0.0831,0,0,2,2,2,11,119
0.0989,0,1.7,1,2,2,11,119
0.1195,0,26.7,1,2,2,11,119
0.1159,0,43.3,1,3,2,11,119
0.0776,0,53.3,1,3,2,11,119
0.0963,0,18.3,2,4,2,11,119
0.07,0,0,2,4,2,11,119
0.0518,0,0,3,4,2,11,119
0.0623,0,0,3,4,2,11,119
0.0216,25,0,3,4,2,11,119
0.0289,100,0,3,4,2,11,119
0.0669,1.7,0,2,4,2,11,119
0.1104,0,21.7,2,4,2,11,119
0.0608,3.3,0,2,4,2,11,119
0.0975,0,15,1,4,2,11,119
0.0696,8.3,0,1,1,2,11,119
0.0725,0,0,1,1,2,11,119
0.0618,0,0,1,2,2,11,119
0.1165,0,28.3,2,2,2,11,119
0.0673,3.3,0,2,2,2,11,119
0.0705,0,0,3,2,2,11,119
0.0487,0,0,3,2,2,11,119
0.0992,1.7,1.7,3,2,2,11,119
0.0767,0,0,3,2,2,11,119
0.1065,0,0,2,2,2,11,119
0.0874,0,5,2,2,2,11,119
0.0889,3.3,5,2,2,2,11,119
0.1123,0,3.3,1,3,2,11,119
0.0983,0,33.3,1,3,2,11,119
0.1148,0,6.7,1,4,2,11,119
0.0734,0,0,1,4,2,11,119
0.0682,0,0,2,4,2,11,119
0.0604,0,0,2,4,2,11,119
0.057,15,0,3,4,2,11,119
0.0705,6.7,0,3,4,2,11,119
0.0007,100,0,3,4,2,11,119
0.0907,0,0,3,4,2,11,119
0.0849,0,1.7,2,4,2,11,119
0.0585,0,0,2,4,2,11,119
0.0686,0,0,2,1,2,11,119
0.1335,0,15,1,1,2,11,119
0.0707,0,1.7,1,2,2,11,119
0.0731,0,10,1,2,2,11,119
0.0847,0,0,1,2,2,11,119
0.0685,0,0,2,2,2,11,119
0.0888,0,0,2,2,2,11,119
0.0595,0,0,3,2,2,11,119
0.0682,1.7,0,3,2,2,11,119
0.1407,0,3.3,3,2,2,11,119
0.0857,0,26.7,3,2,2,11,119
0.1069,0,0,2,2,2,11,119
0.0757,0,0,2,3,2,11,119
0.0739,0,0,2,3,2,11,119
0.0669,0,3.3,1,4,2,11,119
0.0855,0,0,1,4,2,11,119
0.0672,0,0,1,4,2,11,119
0.0992,0,0,1,4,2,11,119
0.0464,8.3,0,2,4,2,11,119
0.0441,0,0,2,4,2,11,119
0.0536,3.3,0,3,4,2,11,119
0.0823,6.7,0,3,4,2,11,119
0.0538,8.3,0,3,4,2,11,119
0.0521,11.7,0,3,4,2,11,119
0.0546,10,0,2,1,2,11,119
0.056,8.3,0,2,1,2,11,119
0.0707,10,0,2,2,2,11,119
0.0652,3.3,0,1,2,2,11,119
0.0889,0,0,1,2,2,11,119
0.0729,5,0,1,2,2,11,119
0.0606,5,0,1,2,2,11,119
0.0612,0,0,2,2,2,11,119
0.1874,0,60,2,2,2,11,119
0.0719,3.3,0,3,2,2,11,119
0.1155,0,1.7,3,2,2,11,119
0.0821,0,0,3,2,2,11,119
0.0822,0,0,3,3,2,11,119
0.0954,1.7,0,2,3,2,11,119
0.0908,0,5,2,4,2,11,119
0.0638,20,1.7,2,4,2,11,119
0.0925,0,0,1,4,2,11,119
0.0727,0,0,1,4,2,11,119
0.0663,0,0,1,4,2,11,119
0.0684,0,1.7,1,4,2,11,119
0.0828,0,0,2,4,2,11,119
0.0848,0,13.3,2,4,2,11,119
0.0636,11.7,0,3,4,2,11,119
0.0577,0,0,3,4,2,11,119
0.0766,0,5,3,1,2,11,119
0.0642,0,1.7,3,1,2,11,119
0.0988,0,1.7,2,2,2,11,119
0.0719,0,0,2,2,2,11,119
0.0868,0,6.7,2,2,2,11,119
0.0685,0,34,1,2,2,11,119
0.0761,5,0,3,2,1,12,120
0.0673,3.3,0,3,2,1,12,120
0.091,0,0,3,2,1,12,120
0.0913,0,1.7,3,2,1,12,120
0.0891,0,1.7,2,2,1,12,120
0.0694,0,0,2,2,1,12,120
0.0648,6.7,0,1,2,1,12,120
0.0847,18.3,0,1,2,1,12,120
0.1414,0,38.3,1,2,1,12,120
0.1112,0,3.3,1,2,1,12,120
0.0667,1.7,0,2,3,1,12,120
0.051,40,0,2,3,1,12,120
0.0787,0,0,3,4,1,12,120
0.0852,0,0,3,4,1,12,120
0.067,8.3,0,3,4,1,12,120
0.0606,0,0,3,4,1,12,120
0.0979,0,13.3,3,4,1,12,120
0.0543,0,0,2,4,1,12,120
0.0776,3.3,0,2,4,1,12,120
0.056,0,0,1,4,1,12,120
0.0712,5,0,1,1,1,12,120
0.0858,0,0,1,1,1,12,120
0.063,28.3,0,1,2,1,12,120
0.0677,0,0,2,2,1,12,120
0.0674,0,0,2,2,1,12,120
0.0674,8.3,0,3,2,1,12,120
0.0752,0,0,3,2,1,12,120
0.0483,21.7,0,3,2,1,12,120
0.0616,6.7,0,3,2,1,12,120
0.0611,3.3,0,3,2,1,12,120
0.0689,1.7,3.3,2,2,1,12,120
0.0796,11.7,0,2,2,1,12,120
0.0942,5,0,1,2,1,12,120
0.0881,23.3,0,1,2,1,12,120
0.0675,0,0,1,3,1,12,120
0.0991,6.7,0,1,3,1,12,120
0.1032,0,0,2,4,1,12,120
0.1917,0,90,2,4,1,12,120
0.0778,0,0,3,4,1,12,120
0.0668,0,0,3,4,1,12,120
0.0987,0,0,3,4,1,12,120
0.0653,1.7,0,3,4,1,12,120
0.075,0,0,3,4,1,12,120
0.0625,0,0,2,4,1,12,120
0.0637,3.3,0,2,1,1,12,120
0.0603,0,0,1,1,1,12,120
0.029,100,0,1,2,1,12,120
0.0714,8.3,0,1,2,1,12,120
0.0899,0,0,1,2,1,12,120
0.0734,0,0,2,2,1,12,120
0.0554,0,0,2,2,1,12,120
0.0499,8.3,0,3,2,1,12,120
0.0542,1.7,0,3,2,1,12,120
0.0866,0,0,3,2,1,12,120
0.0995,0,0,3,2,1,12,120
0.0839,1.7,1.7,3,2,1,12,120
0.0471,68.3,0,2,2,1,12,120
0.0697,0,0,2,2,1,12,120
0.0606,0,0,1,3,1,12,120
0.0921,0,0,1,3,1,12,120
0.0684,0,0,1,4,1,12,120
0.0834,5,0,1,4,1,12,120
0.0546,31.7,0,2,4,1,12,120
0.0947,0,0,2,4,1,12,120
0.0276,100,0,3,4,1,12,120
0.0269,100,0,3,4,1,12,120
0.0756,0,0,3,4,1,12,120
0.0709,0,0,3,4,1,12,120
0.0369,100,0,3,1,1,12,120
0.0703,0,0,2,1,1,12,120
0.1018,0,0,2,2,1,12,120
0.0828,0,0,1,2,1,12,120
0.0803,0,0,1,2,1,12,120
0.0832,0,0,1,2,1,12,120
0.0629,65,0,1,2,1,12,120
0.0266,100,0,2,2,1,12,120
0.03,100,0,2,2,1,12,120
0.0314,100,0,3,2,1,12,120
0.0322,100,0,3,2,1,12,120
0.0278,100,0,3,2,1,12,120
0.0709,1.7,0,3,2,1,12,120
0.0283,100,0,3,2,1,12,120
0.0779,0,0,2,3,1,12,120
0.0522,23.3,0,2,3,1,12,120
0.0801,0,0,1,4,1,12,120
0.075,0,0,1,4,1,12,120
0.0577,8.3,0,1,4,1,12,120
0.0282,100,0,1,4,1,12,120
0.0286,100,0,2,4,1,12,120
0.0717,0,0,2,4,1,12,120
0.0511,10,0,3,4,1,12,120
0.0599,0,0,3,4,1,12,120
0.1268,0,0,3,1,1,12,120
0.0732,0,0,3,1,1,12,120
0.0444,95,0,3,2,1,12,120
0.0926,0,0,2,2,1,12,120
0.05,26.7,0,2,2,1,12,120
0.0324,100,0,1,2,1,12,120
0.0538,26.7,0,1,2,1,12,120
0.0649,5,0,1,2,1,12,120
0.0286,100,0,1,2,1,12,120
0.0712,0,0,2,2,1,12,120
0.0614,0,0,2,2,1,12,120
0.0698,0,0,3,2,1,12,120
0.0753,3.3,0,3,2,1,12,120
0.0344,100,0,3,2,1,12,120
0.0868,0,0,3,3,1,12,120
0.1088,0,5,3,3,1,12,120
0.0735,1.7,1.7,2,4,1,12,120
0.0811,0,0,2,4,1,12,120
0.0962,0,0,1,4,1,12,120
0.0895,0,0,1,4,1,12,120
0.0258,100,0,1,4,1,12,120
0.0852,0,0,1,4,1,12,120
0.071,0,0,2,4,1,12,120
0.0726,0,0,2,4,1,12,120
0.0636,0,0,3,1,1,12,120
0.0299,100,0,3,1,1,12,120
0.0277,100,0,3,2,1,12,120
0.0248,100,0,3,2,1,12,120
0.0947,0,0,3,2,1,13,122
0.1032,1.7,5,3,2,1,13,122
0.0725,0,0,3,2,1,13,122
0.133,0,76.7,3,2,1,13,122
0.118,0,48.3,2,2,1,13,122
0.1011,0,95,2,2,1,13,122
0.0761,0,0,1,3,1,13,122
0.0449,0,0,1,3,1,13,122
0.0302,0,0,1,4,1,13,122
0.0585,0,11.7,1,4,1,13,122
0.044,0,0,1,4,1,13,122
0.0615,5,0,2,4,1,13,122
0.0571,1.7,0,2,4,1,13,122
0.0839,0,0,3,4,1,13,122
0.1503,11.7,50,3,4,1,13,122
0.0785,0,3.3,3,4,1,13,122
0.0478,0,0,3,4,1,13,122
0.0814,13.3,0,2,4,1,13,122
0.0529,0,0,2,1,1,13,122
0.0584,0,0,1,1,1,13,122
0.0472,0,0,1,2,1,13,122
0.0516,0,0,1,2,1,13,122
0.0593,0,0,1,2,1,13,122
0.0617,0,0,1,2,1,13,122
0.0817,0,0,2,2,1,13,122
0.0437,0,0,2,2,1,13,122
0.0591,0,0,3,2,1,13,122
0.1189,0,98.3,3,2,1,13,122
0.0596,0,0,3,2,1,13,122
0.0619,16.7,0,3,2,1,13,122
0.0549,0,0,2,3,1,13,122
0.0525,5,0,2,3,1,13,122
0.0679,8.3,0,1,4,1,13,122
0.0665,0,0,1,4,1,13,122
0.1016,0,0,1,4,1,13,122
0.0614,0,0,1,4,1,13,122
0.0391,0,0,1,4,1,13,122
0.0692,0,0,2,4,1,13,122
0.0382,0,0,2,4,1,13,122
0.0403,0,0,3,4,1,13,122
0.0578,0,0,3,4,1,13,122
0.0605,11.7,0,3,4,1,13,122
0.0554,0,0,3,1,1,13,122
0.0518,0,0,2,1,1,13,122
0.0651,0,0,2,2,1,13,122
0.0763,0,0,1,2,1,13,122
0.0551,0,0,1,2,1,13,122
0.0867,0,16.7,1,2,1,13,122
0.0701,0,0,1,2,1,13,122
0.0507,0,0,1,2,1,13,122
0.0692,6.7,0,2,2,1,13,122
0.0687,0,0,2,2,1,13,122
0.0246,0,0,3,2,1,13,122
0.2244,0,25,3,2,1,13,122
0.0583,0,0,3,3,1,13,122
0.0799,0,0,3,3,1,13,122
0.0644,0,0,2,4,1,13,122
0.0777,0,0,2,4,1,13,122
0.0642,0,0,1,4,1,13,122
0.068,0,0,1,4,1,13,122
0.076,0,0,1,4,1,13,122
0.065,0,0,1,4,1,13,122
0.0569,0,0,1,4,1,13,122
0.0502,0,0,2,4,1,13,122
0.0785,10,1.7,2,4,1,13,122
0.0676,0,0,3,4,1,13,122
0.0583,0,0,3,1,1,13,122
0.057,0,0,3,1,1,13,122
0.0494,0,0,3,2,1,13,122
0.0554,0,0,2,2,1,13,122
0.0486,0,0,2,2,1,13,122
0.0644,3.3,0,1,2,1,13,122
0.0671,0,0,1,2,1,13,122
0.0785,0,0,1,2,1,13,122
0.0996,0,26.7,1,2,1,13,122
0.0602,0,0,1,2,1,13,122
0.0493,0,0,2,2,1,13,122
0.0979,1.7,10,2,2,1,13,122
0.0705,10,3.3,3,3,1,13,122
0.0585,0,0,3,3,1,13,122
0.0805,0,0,3,4,1,13,122
0.077,0,0,3,4,1,13,122
0.0639,1.7,0,2,4,1,13,122
0.0632,0,0,2,4,1,13,122
0.0745,0,0,1,4,1,13,122
0.087,11.7,0,1,4,1,13,122
0.0655,0,0,1,4,1,13,122
0.0849,8.3,5,1,4,1,13,122
0.0668,0,5,1,4,1,13,122
0.041,0,0,2,4,1,13,122
0.0741,33.3,0,2,1,1,13,122
0.0482,0,0,3,1,1,13,122
0.0548,0,0,3,2,1,13,122
0.0621,0,0,3,2,1,13,122
0.0693,0,0,3,2,1,13,122
0.0758,11.7,1.7,2,2,1,13,122
0.0462,0,0,2,2,1,13,122
0.0571,0,0,1,2,1,13,122
0.0803,11.7,1.7,1,2,1,13,122
0.0577,0,0,1,2,1,13,122
0.0601,5,0,1,2,1,13,122
0.0634,0,0,1,2,1,13,122
0.0368,10,0,2,3,1,13,122
0.0582,0,0,2,3,1,13,122
0.048,0,0,3,4,1,13,122
0.0653,0,0,3,4,1,13,122
0.0946,0,0,3,4,1,13,122
0.0562,0,0,3,4,1,13,122
0.0822,0,6.7,2,4,1,13,122
0.0663,0,0,2,4,1,13,122
0.0473,0,0,1,4,1,13,122
0.0608,0,0,1,4,1,13,122
0.0706,3.3,0,1,4,1,13,122
0.0567,0,0,1,4,1,13,122
0.0518,0,0,1,1,1,13,122
0.0562,0,0,2,1,1,13,122
0.079,6.7,3.3,2,2,1,13,122
0.061,0,0,3,2,1,13,122
0.0634,0,0,3,2,1,13,122
0.0745,0,0,3,2,1,13,122
0.0436,0,0,2,2,1,14,129
0.0478,0,0,1,2,1,14,129
0.0601,0,0,1,2,1,14,129
0.0744,0,0,1,2,1,14,129
0.0444,0,0,1,2,1,14,129
0.0262,0,0,2,2,1,14,129
0.0404,0,0,2,3,1,14,129
0.045,0,0,2,3,1,14,129
0.0343,0,0,3,4,1,14,129
0.0348,0,0,3,4,1,14,129
0.0466,0,0,3,4,1,14,129
0.0398,0,0,3,4,1,14,129
0.0345,0,0,2,4,1,14,129
0.0588,0,1.7,2,4,1,14,129
0.0364,0,0,1,4,1,14,129
0.0443,0,0,1,4,1,14,129
0.0581,0,0,1,4,1,14,129
0.093,0,1.7,1,4,1,14,129
0.0404,0,0,2,1,1,14,129
0.0556,0,0,2,1,1,14,129
0.0647,0,0,2,2,1,14,129
0.0433,0,0,3,2,1,14,129
0.0662,0,0,3,2,1,14,129
0.0368,0,0,3,2,1,14,129
0.052,0,0,3,2,1,14,129
0.0608,0,0,2,2,1,14,129
0.0865,0,50,2,2,1,14,129
0.0609,0,1.7,1,2,1,14,129
0.0612,0,0,1,2,1,14,129
0.0751,0,0,1,2,1,14,129
0.0384,0,0,1,3,1,14,129
0.0799,0,48.3,2,3,1,14,129
0.0548,0,0,2,4,1,14,129
0.0361,0,0,2,4,1,14,129
0.0325,0,0,3,4,1,14,129
0.036,0,0,3,4,1,14,129
0.0455,0,0,3,4,1,14,129
0.0418,0,0,3,4,1,14,129
0.0788,0,1.7,2,4,1,14,129
0.0467,0,3.3,2,4,1,14,129
0.0721,0,23.3,1,4,1,14,129
0.0629,0,21.7,1,4,1,14,129
0.0508,0,0,1,1,1,14,129
0.0526,0,0,1,1,1,14,129
0.0423,0,0,2,2,1,14,129
0.0571,0,0,2,2,1,14,129
0.0549,0,1.7,2,2,1,14,129
0.0529,0,0,3,2,1,14,129
0.0397,0,0,3,2,1,14,129
0.0893,0,0,3,2,1,14,129
0.0728,5,0,3,2,1,14,129
0.075,0,0,2,2,1,14,129
0.0761,8.3,35,2,2,1,14,129
0.1239,0,26.7,1,2,1,14,129
0.1181,5,0,1,3,1,14,129
0.0404,0,0,1,3,1,14,129
0.0657,0,50,1,4,1,14,129
0.0423,0,0,2,4,1,14,129
0.0806,8.3,6.7,2,4,1,14,129
0.0323,0,0,2,4,1,14,129
0.044,0,0,3,4,1,14,129
0.039,0,0,3,4,1,14,129
0.0402,0,0,3,4,1,14,129
0.0634,0,0,3,4,1,14,129
0.0593,0,0,2,4,1,14,129
0.0351,11.7,0,2,4,1,14,129
0.0537,0,3.3,1,1,1,14,129
0.0591,0,6.7,1,1,1,14,129
0.0473,0,3.3,1,2,1,14,129
0.0622,0,50,1,2,1,14,129
0.0473,0,0,2,2,1,14,129
0.0467,0,0,2,2,1,14,129
0.0665,0,3.3,2,2,1,14,129
0.0388,0,0,3,2,1,14,129
0.0502,0,0,3,2,1,14,129
0.0875,6.7,5,3,2,1,14,129
0.0669,0,100,3,2,1,14,129
0.0431,0,0,2,2,1,14,129
0.0469,0,0,2,3,1,14,129
0.0709,0,0,1,3,1,14,129
0.052,5,0,1,4,1,14,129
0.0365,0,0,1,4,1,14,129
0.0506,0,0,1,4,1,14,129
0.0362,0,0,2,4,1,14,129
0.0344,0,0,2,4,1,14,129
0.0474,0,0,2,4,1,14,129
0.047,0,0,3,4,1,14,129
0.0388,0,0,3,4,1,14,129
0.0682,0,100,3,4,1,14,129
0.0452,0,0,3,4,1,14,129
0.0289,0,0,2,1,1,14,129
0.0655,0,0,2,1,1,14,129
0.0405,0,0,1,2,1,14,129
0.0451,0,0,1,2,1,14,129
0.0474,0,0,1,2,1,14,129
0.0689,0,65,1,2,1,14,129
0.0554,0,0,2,2,1,14,129
0.0503,0,0,2,2,1,14,129
0.0696,0,8.3,2,2,1,14,129
0.0453,0,5,3,2,1,14,129
0.0427,0,0,3,2,1,14,129
0.0738,5,0,3,2,1,14,129
0.0637,0,5,3,3,1,14,129
0.1219,3.3,40,2,3,1,14,129
0.0572,0,0,2,4,1,14,129
0.0435,0,0,1,4,1,14,129
0.0701,8.3,0,1,4,1,14,129
0.0638,0,0,1,4,1,14,129
0.0484,0,0,1,4,1,14,129
0.0325,0,0,2,4,1,14,129
0.0466,0,0,2,4,1,14,129
0.0439,0,0,2,4,1,14,129
0.0537,0,0,3,4,1,14,129
0.0625,0,0,3,4,1,14,129
0.0568,0,0,3,1,1,14,129
0.0653,3.3,0,3,1,1,14,129
0.0725,0,15,2,2,1,14,129
0.0646,0,0,2,2,1,14,129
0.0499,0,0,1,2,1,14,129
0.0534,0,0,1,2,1,14,129
0.0681,0,0,2,2,1,15,132
0.046,0,0,1,2,1,15,132
0.06,0,8.3,1,2,1,15,132
0.0503,0,0,1,2,1,15,132
0.0555,0,0,1,2,1,15,132
0.0466,0,0,2,2,1,15,132
0.0392,0,0,2,3,1,15,132
0.0544,0,3.3,2,3,1,15,132
0.0428,0,0,3,4,1,15,132
0.0456,0,0,3,4,1,15,132
0.045,0,0,3,4,1,15,132
0.0508,0,0,3,4,1,15,132
0.051,0,0,2,4,1,15,132
0.0702,1.7,6.7,2,4,1,15,132
0.0541,0,0,1,4,1,15,132
0.0772,5,6.7,1,4,1,15,132
0.0553,0,33,1,4,1,15,132
0.0569,0,13,1,4,1,15,132
0.0667,0,0,2,1,1,15,132
0.0807,0,0,2,1,1,15,132
0.0647,0,0,2,2,1,15,132
0.0624,0,5,3,2,1,15,132
0.0616,0,0,3,2,1,15,132
0.0767,3.3,5,3,2,1,15,132
0.069,0,0,3,2,1,15,132
0.0192,0,0,2,2,1,15,132
0.0539,0,0,2,2,1,15,132
0.079,0,0,1,2,1,15,132
0.0638,0,34,1,2,1,15,132
0.0583,3.3,6.7,1,2,1,15,132
0.0667,0,5,1,3,1,15,132
0.06,0,1.7,2,3,1,15,132
0.0499,0,0,2,4,1,15,132
0.0599,0,0,2,4,1,15,132
0.0551,0,0,3,4,1,15,132
0.0595,0,0,3,4,1,15,132
0.0822,0,8.3,3,4,1,15,132
0.079,0,1.7,3,4,1,15,132
0.0653,0,0,2,4,1,15,132
0.0706,0,0,2,4,1,15,132
0.0249,0,0,1,4,1,15,132
0.0636,0,17,1,4,1,15,132
0.0477,0,0,1,1,1,15,132
0.0596,0,21,1,1,1,15,132
0.0598,0,0,2,2,1,15,132
0.0594,0,0,2,2,1,15,132
0.1187,18.3,35,2,2,1,15,132
0.0512,0,0,3,2,1,15,132
0.0576,0,0,3,2,1,15,132
0.0614,0,0,3,2,1,15,132
0.0853,0,6.7,3,2,1,15,132
0.1017,0,33.3,2,2,1,15,132
0.1076,0,33.3,2,2,1,15,132
0.0824,0,6.7,1,2,1,15,132
0.055,0,0,1,3,1,15,132
0.0587,0,0,1,3,1,15,132
0.0649,0,67,1,4,1,15,132
0.0709,0,3.3,2,4,1,15,132
0.0595,0,0,2,4,1,15,132
0.0575,1.7,3.3,2,4,1,15,132
0.0621,0,0,3,4,1,15,132
0.0582,0,6.7,3,4,1,15,132
0.0663,0,0,3,4,1,15,132
0.0637,0,0,3,4,1,15,132
0.0841,0,5,2,4,1,15,132
0.1075,0,8.3,2,4,1,15,132
0.073,0,18,1,1,1,15,132
0.0432,0,0,1,1,1,15,132
0.0534,0,0,1,2,1,15,132
0.0514,0,3.3,1,2,1,15,132
0.0536,0,0,2,2,1,15,132
0.05,0,0,2,2,1,15,132
0.0468,0,0,2,2,1,15,132
0.0591,0,6.7,3,2,1,15,132
0.0673,0,1.7,3,2,1,15,132
0.0653,0,0,3,2,1,15,132
0.0752,0,1.7,3,2,1,15,132
0.0561,0,1.7,2,2,1,15,132
0.0517,0,0,2,3,1,15,132
0.0436,0,0,1,3,1,15,132
0.0519,0,0,1,4,1,15,132
0.0506,0,0,1,4,1,15,132
0.0536,0,0,1,4,1,15,132
0.0411,0,0,2,4,1,15,132
0.0563,0,0,2,4,1,15,132
0.053,0,0,2,4,1,15,132
0.0401,0,0,3,4,1,15,132
0.0517,0,0,3,4,1,15,132
0.0856,0,30,3,4,1,15,132
0.0403,0,0,3,4,1,15,132
0.0645,3.3,5,2,1,1,15,132
0.0522,0,0,2,1,1,15,132
0.0597,0,5,1,2,1,15,132
0.0601,0,0,1,2,1,15,132
0.0582,0,1.7,1,2,1,15,132
0.0743,0,8.3,1,2,1,15,132
0.064,0,3.3,2,2,1,15,132
0.0602,0,5,2,2,1,15,132
0.0398,0,0,2,2,1,15,132
0.0524,0,0,3,2,1,15,132
0.0926,0,6.7,3,2,1,15,132
0.068,0,10,3,2,1,15,132
0.1115,0,43.3,3,3,1,15,132
0.0742,0,11.7,2,3,1,15,132
0.0565,0,0,2,4,1,15,132
0.0709,0,6.7,1,4,1,15,132
0.0589,0,11.7,1,4,1,15,132
0.0548,0,0,1,4,1,15,132
0.0458,0,0,1,4,1,15,132
0.0563,0,5,2,4,1,15,132
0.0539,0,0,2,4,1,15,132
0.0578,0,0,2,4,1,15,132
0.0712,0,3.3,3,4,1,15,132
0.1301,0,40,3,4,1,15,132
0.0579,0,0,3,1,1,15,132
0.0447,0,0,3,1,1,15,132
0.0719,0,15,2,2,1,15,132
0.0521,0,0,2,2,1,15,132
0.0808,0,20,1,2,1,15,132
0.055,0,19.7,1,2,1,15,132
0.0819,3.3,6.7,3,2,1,16,135
0.0645,6.7,0,3,2,1,16,135
0.0495,0,0,3,2,1,16,135
0.0727,15,0,3,2,1,16,135
0.0613,0,0,2,2,1,16,135
0.0703,16.7,0,2,2,1,16,135
0.0529,0,0,1,2,1,16,135
0.0742,38.3,0,1,2,1,16,135
0.0281,0,0,1,2,1,16,135
0.0711,1.7,0,1,2,1,16,135
0.0777,3.3,0,2,3,1,16,135
0.0632,0,0,2,3,1,16,135
0.0806,0,0,3,4,1,16,135
0.0755,11.7,0,3,4,1,16,135
0.0532,0,0,3,4,1,16,135
0.07,0,0,3,4,1,16,135
0.0645,0,0,3,4,1,16,135
0.0824,3.3,0,2,4,1,16,135
0.0759,11.7,0,2,4,1,16,135
0.0973,0,5,1,4,1,16,135
0.0634,11.7,0,1,1,1,16,135
0.069,0,0,1,1,1,16,135
0.0646,5,0,1,2,1,16,135
0.0362,0,0,2,2,1,16,135
0.0671,13.3,0,2,2,1,16,135
0.0625,6.7,0,3,2,1,16,135
0.0531,0,0,3,2,1,16,135
0.0628,11.7,0,3,2,1,16,135
0.0845,1.7,0,3,2,1,16,135
0.065,0,0,3,2,1,16,135
0.0604,8.3,0,2,2,1,16,135
0.0791,61.7,0,2,2,1,16,135
0.061,0,0,1,2,1,16,135
0.091,41.7,0,1,2,1,16,135
0.0555,8.3,0,1,3,1,16,135
0.0755,0,0,1,3,1,16,135
0.0591,0,0,2,4,1,16,135
0.0675,0,0,2,4,1,16,135
0.0644,1.7,0,3,4,1,16,135
0.0599,5,0,3,4,1,16,135
0.1436,5,70,3,4,1,16,135
0.0561,0,0,3,4,1,16,135
0.0837,10,0,3,4,1,16,135
0.0654,0,0,2,4,1,16,135
0.0652,0,0,2,1,1,16,135
0.0446,0,0,1,1,1,16,135
0.0319,0,0,1,2,1,16,135
0.0626,0,0,1,2,1,16,135
0.0641,0,43,1,2,1,16,135
0.0742,40,0,2,2,1,16,135
0.088,3.3,0,2,2,1,16,135
0.0495,6.7,0,3,2,1,16,135
0.0598,5,0,3,2,1,16,135
0.0797,1.7,0,3,2,1,16,135
0.0705,0,36.7,3,2,1,16,135
0.0774,33.3,0,3,2,1,16,135
0.0665,8.3,0,2,2,1,16,135
0.0911,0,0,2,2,1,16,135
0.055,0,0,1,3,1,16,135
0.077,1.7,3.3,1,3,1,16,135
0.0999,3.3,0,1,4,1,16,135
0.0679,0,0,1,4,1,16,135
0.0719,6.7,0,2,4,1,16,135
0.0797,0,0,2,4,1,16,135
0.1926,0,6.7,3,4,1,16,135
0.1641,0,6.7,3,4,1,16,135
0.0602,0,0,3,4,1,16,135
0.0849,6.7,0,3,4,1,16,135
0.0982,11.7,0,3,1,1,16,135
0.107,0,0,2,1,1,16,135
0.0681,8.3,0,2,2,1,16,135
0.1026,5,0,1,2,1,16,135
0.1023,0,0,1,2,1,16,135
0.0522,0,0,1,2,1,16,135
0.0762,0,0,1,2,1,16,135
0.0663,1.7,0,2,2,1,16,135
0.0577,0,0,2,2,1,16,135
0.0508,0,0,3,2,1,16,135
0.0693,8.3,0,3,2,1,16,135
0.0658,11.7,0,3,2,1,16,135
0.0588,3.3,0,3,2,1,16,135
0.109,13.3,0,3,2,1,16,135
0.0274,0,0,2,3,1,16,135
0.0563,0,0,2,3,1,16,135
0.0575,0,0,1,4,1,16,135
0.1062,35,3.3,1,4,1,16,135
0.07,0,0,1,4,1,16,135
0.1153,0,1.7,1,4,1,16,135
0.0604,0,0,2,4,1,16,135
0.0598,0,0,2,4,1,16,135
0.0561,0,0,3,4,1,16,135
0.0573,1.7,0,3,4,1,16,135
0.0991,5,1.7,3,1,1,16,135
0.0487,0,0,3,1,1,16,135
0.06,0,0,3,2,1,16,135
0.0694,0,0,2,2,1,16,135
0.0853,10,0,2,2,1,16,135
0.0913,43.3,0,1,2,1,16,135
0.0653,10,0,1,2,1,16,135
0.0615,0,0,1,2,1,16,135
0.0572,1.7,0,1,2,1,16,135
0.0261,0,0,2,2,1,16,135
0.0573,5,0,2,2,1,16,135
0.05,0,0,3,2,1,16,135
0.057,0,0,3,2,1,16,135
0.0898,0,0,3,2,1,16,135
0.0652,0,0,3,3,1,16,135
0.1577,0,10,3,3,1,16,135
0.0745,0,0,2,4,1,16,135
0.0759,3.3,0,2,4,1,16,135
0.0679,6.7,0,1,4,1,16,135
0.0597,0,0,1,4,1,16,135
0.0907,58.3,0,1,4,1,16,135
0.1545,0,100,1,4,1,16,135
0.1114,8.3,13.3,2,4,1,16,135
0.0548,0,0,2,4,1,16,135
0.056,1.7,0,3,1,1,16,135
0.0586,0,0,3,1,1,16,135
0.0724,0,3.3,3,2,1,16,135
0.0668,0,0,3,2,1,16,135
0.0664,0,0,3,2,2,17,148
0.0732,0,0,2,2,2,17,148
0.0825,0,0,1,2,2,17,148
0.0909,0,0,1,2,2,17,148
0.0888,0,0,1,2,2,17,148
0.0566,0,0,1,2,2,17,148
0.0971,0,11.7,2,3,2,17,148
0.0867,0,5,2,3,2,17,148
0.0866,0,3.3,3,4,2,17,148
0.064,0,0,3,4,2,17,148
0.0402,0,0,3,4,2,17,148
0.0713,0,0,3,4,2,17,148
0.064,0,0,2,4,2,17,148
0.0483,0,0,2,4,2,17,148
0.053,0,0,2,4,2,17,148
0.0543,0,0,1,4,2,17,148
0.0667,0,0,1,4,2,17,148
0.0647,0,0,1,4,2,17,148
0.0661,0,0,1,1,2,17,148
0.0758,0,6.7,2,1,2,17,148
0.0934,0,8.3,2,2,2,17,148
0.0625,0,0,3,2,2,17,148
0.0659,0,0,3,2,2,17,148
0.0526,0,0,3,2,2,17,148
0.052,0,0,3,2,2,17,148
0.0516,0,0,2,2,2,17,148
0.08,0,5,2,2,2,17,148
0.0855,0,3.3,2,2,2,17,148
0.126,10,15,1,2,2,17,148
0.0944,0,21.7,1,2,2,17,148
0.0812,0,0,1,3,2,17,148
0.1017,0,26.7,1,3,2,17,148
0.0848,15,0,2,4,2,17,148
0.0807,0,5,2,4,2,17,148
0.0686,0,0,3,4,2,17,148
0.066,0,0,3,4,2,17,148
0.0725,0,0,3,4,2,17,148
0.0729,0,0,3,4,2,17,148
0.0871,8.3,0,2,4,2,17,148
0.0709,0,0,2,4,2,17,148
0.0909,1.7,15,2,4,2,17,148
0.0864,11.7,0,1,4,2,17,148
0.0463,0,0,1,1,2,17,148
0.0721,10,0,1,1,2,17,148
0.0935,11.7,0,1,2,2,17,148
0.0821,0,0,2,2,2,17,148
0.0608,0,0,2,2,2,17,148
0.0615,0,0,3,2,2,17,148
0.056,0,0,3,2,2,17,148
0.0668,0,0,3,2,2,17,148
0.0659,8.3,0,3,2,2,17,148
0.0827,0,0,2,2,2,17,148
0.0816,0,0,2,2,2,17,148
0.0555,0,6.7,2,2,2,17,148
0.1283,31.7,26.7,1,3,2,17,148
0.0528,0,0,1,3,2,17,148
0.0377,0,0,1,4,2,17,148
0.1019,11.7,0,1,4,2,17,148
0.0677,0,0,2,4,2,17,148
0.0759,0,0,2,4,2,17,148
0.067,0,0,3,4,2,17,148
0.0738,0,0,3,4,2,17,148
0.0704,0,0,3,4,2,17,148
0.0924,13.3,0,3,4,2,17,148
0.0805,0,0,2,4,2,17,148
0.0576,0,0,2,4,2,17,148
0.1144,36.7,1.7,2,1,2,17,148
0.0732,25,5,1,1,2,17,148
0.0541,0,0,1,2,2,17,148
0.0758,0,0,1,2,2,17,148
0.0756,0,0,1,2,2,17,148
0.0703,0,0,2,2,2,17,148
0.0566,0,0,2,2,2,17,148
0.0554,0,0,3,2,2,17,148
0.0751,3.3,0,3,2,2,17,148
0.0704,0,0,3,2,2,17,148
0.0657,0,0,3,2,2,17,148
0.0582,0,0,2,2,2,17,148
0.0518,0,0,2,3,2,17,148
0.0491,0,0,2,3,2,17,148
0.0659,0,0,1,4,2,17,148
0.0525,0,0,1,4,2,17,148
0.0757,0,0,1,4,2,17,148
0.0561,0,0,1,4,2,17,148
0.0579,0,0,2,4,2,17,148
0.047,0,0,2,4,2,17,148
0.0559,0,0,3,4,2,17,148
0.0671,0,0,3,4,2,17,148
0.0862,3.3,6.7,3,4,2,17,148
0.0415,0,0,3,4,2,17,148
0.0101,0,0,2,1,2,17,148
0.0472,0,0,2,1,2,17,148
0.0471,0,0,2,2,2,17,148
0.0569,0,0,1,2,2,17,148
0.0523,0,0,1,2,2,17,148
0.0652,0,0,1,2,2,17,148
0.0626,0,0,1,2,2,17,148
0.0433,0,0,2,2,2,17,148
0.0563,0,0,2,2,2,17,148
0.0603,0,0,3,2,2,17,148
0.0776,0,10,3,2,2,17,148
0.0944,21.7,1.7,3,2,2,17,148
0.0635,8.3,0,3,3,2,17,148
0.0685,0,1.7,2,3,2,17,148
0.0677,0,0,2,4,2,17,148
0.0572,0,0,2,4,2,17,148
0.0598,0,0,1,4,2,17,148
0.0908,3.3,5,1,4,2,17,148
0.0735,0,0,1,4,2,17,148
0.0507,0,0,1,4,2,17,148
0.0424,0,0,2,4,2,17,148
0.0636,3.3,0,2,4,2,17,148
0.1194,0,3.3,3,4,2,17,148
0.0695,0,0,3,4,2,17,148
0.0701,0,0,3,1,2,17,148
0.0687,0,0,3,1,2,17,148
0.0938,0,5,2,2,2,17,148
0.0637,0,0,2,2,2,17,148
0.0861,0,3.3,2,2,2,17,148
0.1416,0,0,1,2,2,17,148
0.052,0,0,3,2,1,18,160
0.0503,0,5,3,2,1,18,160
0.0518,0,5,3,2,1,18,160
0.0664,0,6.7,3,2,1,18,160
0.0363,0,0,2,2,1,18,160
0.0361,0,0,2,2,1,18,160
0.0386,0,0,1,3,1,18,160
0.0374,0,0,1,3,1,18,160
0.0571,0,1.7,1,4,1,18,160
0.0444,0,0,1,4,1,18,160
0.0288,0,0,1,4,1,18,160
0.0404,0,0,2,4,1,18,160
0.0529,0,5,2,4,1,18,160
0.0696,0,10,3,4,1,18,160
0.1036,13.3,0,3,4,1,18,160
0.039,0,0,3,4,1,18,160
0.0486,0,0,3,4,1,18,160
0.062,0,1.7,2,4,1,18,160
0.0695,0,18.3,2,1,1,18,160
0.0407,0,0,1,1,1,18,160
0.0762,0,31.7,1,2,1,18,160
0.0735,0,1.7,1,2,1,18,160
0.0503,0,0,1,2,1,18,160
0.0618,0,0,1,2,1,18,160
0.0611,0,15,2,2,1,18,160
0.0322,0,0,2,2,1,18,160
0.032,0,0,3,2,1,18,160
0.0259,0,0,3,2,1,18,160
0.077,13.3,0,3,2,1,18,160
0.0504,0,0,3,2,1,18,160
0.0375,0,0,2,3,1,18,160
0.0533,0,0,2,3,1,18,160
0.0493,0,5,1,4,1,18,160
0.0613,0,0,1,4,1,18,160
0.0491,0,0,1,4,1,18,160
0.0189,0,0,1,4,1,18,160
0.0566,0,0,1,4,1,18,160
0.0532,0,0,2,4,1,18,160
0.0845,5,3.3,2,4,1,18,160
0.0352,0,0,3,4,1,18,160
0.0388,0,0,3,4,1,18,160
0.0477,0,0,3,4,1,18,160
0.0586,0,28.3,3,1,1,18,160
0.0556,0,0,2,1,1,18,160
0.1117,0,61.7,2,2,1,18,160
0.0904,0,50,1,2,1,18,160
0.1316,25,35,1,2,1,18,160
0.0586,0,3.3,1,2,1,18,160
0.0594,0,3.3,1,2,1,18,160
0.0355,0,0,1,2,1,18,160
0.0394,0,0,2,2,1,18,160
0.0313,0,0,2,2,1,18,160
0.032,0,0,3,2,1,18,160
0.05,0,0,3,2,1,18,160
0.0157,0,0,3,3,1,18,160
0.07,0,8.3,3,3,1,18,160
0.1519,66.7,6.7,2,4,1,18,160
0.0334,0,0,2,4,1,18,160
0.1168,0,80,1,4,1,18,160
0.0867,1.7,21.7,1,4,1,18,160
0.0431,0,0,1,4,1,18,160
0.0594,0,0,1,4,1,18,160
0.083,5,10,1,4,1,18,160
0.0705,0,5,2,4,1,18,160
0.0587,0,8.3,2,4,1,18,160
0.0628,0,5,3,4,1,18,160
0.0639,0,10,3,1,1,18,160
0.0806,0,25,3,1,1,18,160
0.0875,0,41.7,3,2,1,18,160
0.0977,5,56.7,2,2,1,18,160
0.0964,0,38.3,2,2,1,18,160
0.0947,0,31.7,1,2,1,18,160
0.0471,0,0,1,2,1,18,160
0.0556,0,0,1,2,1,18,160
0.0412,0,0,1,2,1,18,160
0.0241,0,0,1,2,1,18,160
0.0393,0,0,2,2,1,18,160
0.0495,0,0,2,2,1,18,160
0.0758,0,16.7,3,3,1,18,160
0.0751,0,20,3,3,1,18,160
0.0634,0,0,3,4,1,18,160
0.095,8.3,16.7,3,4,1,18,160
0.0801,0,13.3,2,4,1,18,160
0.0739,3.3,20,2,4,1,18,160
0.0869,3.3,25,1,4,1,18,160
0.0876,1.7,16.7,1,4,1,18,160
0.0471,0,0,1,4,1,18,160
0.0157,0,0,1,4,1,18,160
0.0373,0,0,1,4,1,18,160
0.0446,0,0,2,4,1,18,160
0.0471,0,0,2,1,1,18,160
0.0612,0,3.3,3,1,1,18,160
0.0362,0,0,3,2,1,18,160
0.0719,0,16.7,3,2,1,18,160
0.0649,0,6.7,3,2,1,18,160
0.1027,0,66.7,2,2,1,18,160
0.0891,0,48.3,2,2,1,18,160
0.0383,0,0,1,2,1,18,160
0.0286,0,0,1,2,1,18,160
0.0178,0,0,1,2,1,18,160
0.0316,0,0,1,2,1,18,160
0.0419,0,0,1,2,1,18,160
0.0662,0,0,2,3,1,18,160
0.0712,0,8.3,2,3,1,18,160
0.0537,0,1.7,3,4,1,18,160
0.0798,0,18.3,3,4,1,18,160
0.0502,0,3.3,3,4,1,18,160
0.0849,5,28.3,3,4,1,18,160
0.0594,0,0,2,4,1,18,160
0.0189,0,0,2,4,1,18,160
0.0218,0,0,1,4,1,18,160
0.0347,0,0,1,4,1,18,160
0.0524,0,0,1,4,1,18,160
0.0857,0,6.7,1,4,1,18,160
0.0401,0,0,1,1,1,18,160
0.0471,0,0,2,1,1,18,160
0.0538,0,1.7,2,2,1,18,160
0.0668,0,3.3,3,2,1,18,160
0.064,0,46.7,3,2,1,18,160
0.0622,0,0,3,2,1,18,160
0.0855101,0,100,3,2,1,19,169
0.0506009,0,71.7,3,2,1,19,169
0.0467286,0,10,2,2,1,19,169
0.0364133,0,0,2,2,1,19,169
0.0373534,0,0,2,2,1,19,169
0.0412952,0,0,1,2,1,19,169
0.0301863,0,0,1,2,1,19,169
0.0435501,0,0,1,3,1,19,169
0.0254523,0,0,1,3,1,19,169
0.0279917,0,0,2,4,1,19,169
0.0271631,0,0,2,4,1,19,169
0.0249881,0,0,3,4,1,19,169
0.0130336,0,0,3,4,1,19,169
0.0384972,0,0,3,4,1,19,169
0.0348027,0,0,3,4,1,19,169
0.070007,71.7,0,2,4,1,19,169
0.0636286,21.7,0,2,4,1,19,169
0.0497219,8.3,8.3,2,4,1,19,169
0.0477773,0,0,1,1,1,19,169
0.0394577,0,0,1,1,1,19,169
0.0444854,0,5,1,2,1,19,169
0.052371,5,0,1,2,1,19,169
0.0642541,0,28.3,2,2,1,19,169
0.0358498,0,0,2,2,1,19,169
0.0408925,3.3,0,3,2,1,19,169
0.0317769,0,0,3,2,1,19,169
0.0458475,0,0,3,2,1,19,169
0.0279148,0,0,3,2,1,19,169
0.010602,0,0,2,2,1,19,169
0.00675681,0,0,2,2,1,19,169
0.0242739,0,0,2,2,1,19,169
0.0372729,0,0,1,3,1,19,169
0.0808038,3.3,30,1,3,1,19,169
0.0269357,0,0,1,4,1,19,169
0.0279153,0,0,1,4,1,19,169
0.0128543,0,0,2,4,1,19,169
0.00888789,0,0,2,4,1,19,169
0.0313643,0,0,3,4,1,19,169
0.00539079,0,0,3,4,1,19,169
0.0621314,56.7,0,3,4,1,19,169
0.0329045,0,0,3,4,1,19,169
0.0808459,38.3,11.7,2,4,1,19,169
0.0445355,0,10,2,1,1,19,169
0.0253907,0,0,2,1,1,19,169
0.0419366,1.7,1.7,1,2,1,19,169
0.0394402,0,1.7,1,2,1,19,169
0.0442561,0,0,1,2,1,19,169
0.0359589,0,0,1,2,1,19,169
0.0355445,0,0,2,2,1,19,169
0.0303647,0,0,2,2,1,19,169
0.0275963,0,0,3,2,1,19,169
0.0438047,0,0,3,2,1,19,169
0.0456962,0,0,3,2,1,19,169
0.0326029,0,0,3,2,1,19,169
0.0391285,0,0,2,2,1,19,169
0.0279435,0,0,2,3,1,19,169
0.0371395,0,0,2,3,1,19,169
0.0806647,0,6.7,1,4,1,19,169
0.0418867,3.3,0,1,4,1,19,169
0.0412969,0,0,1,4,1,19,169
0.0223253,0,0,1,4,1,19,169
0.0469536,0,0,2,4,1,19,169
0.0287175,0,0,2,4,1,19,169
0.0361148,0,0,3,4,1,19,169
0.0340735,0,0,3,4,1,19,169
0.0324463,0,0,3,4,1,19,169
0.0152196,0,0,3,1,1,19,169
0.0349394,0,0,2,1,1,19,169
0.0438992,1.7,10,2,2,1,19,169
0.030401,0,0,2,2,1,19,169
0.00726503,0,0,1,2,1,19,169
0.0377949,0,8.3,1,2,1,19,169
0.0343492,0,0,1,2,1,19,169
0.052514,0,13.3,1,2,1,19,169
0.0342769,0,0,2,2,1,19,169
0.0473822,10,1.7,2,2,1,19,169
0.0300564,0,0,3,2,1,19,169
0.0331235,0,0,3,2,1,19,169
0.049903,6.7,0,3,2,1,19,169
0.034844,0,0,3,3,1,19,169
0.032489,0,0,2,3,1,19,169
0.0421407,10,0,2,4,1,19,169
0.0461692,0,0,2,4,1,19,169
0.0356178,0,0,1,4,1,19,169
0.0337484,0,0,1,4,1,19,169
0.0330866,0,0,1,4,1,19,169
0.0287576,0,0,1,4,1,19,169
0.0388363,0,0,2,4,1,19,169
0.0358278,0,0,2,4,1,19,169
0.0274831,0,0,3,4,1,19,169
0.0308105,0,0,3,1,1,19,169
0.0498145,0,0,3,1,1,19,169
0.0625116,35,0,3,2,1,19,169
0.0635701,6.7,0,2,2,1,19,169
0.0636691,5,13.3,2,2,1,19,169
0.0533341,16.7,1.7,2,2,1,19,169
0.0549493,0,10,1,2,1,19,169
0.0276575,0,0,1,2,1,19,169
0.0305246,0,0,1,2,1,19,169
0.0276429,0,0,1,2,1,19,169
0.0341058,0,1.7,2,2,1,19,169
0.0331985,0,0,2,2,1,19,169
0.045373,5,0,3,2,1,19,169
0.0482753,0,0,3,3,1,19,169
0.0445207,5,0,3,3,1,19,169
0.041367,0,0,3,4,1,19,169
0.0380935,0,0,2,4,1,19,169
0.0286763,0,0,2,4,1,19,169
0.0486858,1.7,3.3,2,4,1,19,169
0.0594817,25,8.3,1,4,1,19,169
0.0361033,6.7,0,1,4,1,19,169
0.0277016,0,0,1,4,1,19,169
0.0331847,0,0,1,4,1,19,169
0.0455352,0,0,2,4,1,19,169
0.0466193,0,8.3,2,1,1,19,169
0.0467004,0,8.3,3,1,1,19,169
0.0440469,0,16.7,3,2,1,19,169
0.0388811,0,0,3,2,1,19,169
0.0414559,0,0,3,2,1,19,169
0.0816468,0,0,2,2,1,19,169
