"Datetime","Shark","T.Ph","Lat","Lon"
2012-10-03 09:50:00,"C25A","M",25.73793,-79.24606
2012-10-03 09:55:00,"C25A","L",25.73694,-79.24573
2012-10-03 10:00:00,"C25A","H",25.7372,-79.24615
2012-10-03 10:10:00,"C25A","M",25.73416,-79.24849
2012-10-03 10:15:00,"C25A","H",25.73305,-79.25111
2012-10-03 10:20:00,"C25A","H",25.73351,-79.24931
2012-10-03 10:25:00,"C25A","M",25.73506,-79.25042
2012-10-03 12:30:00,"C25A","H",25.73615,-79.2489
2012-10-03 12:35:00,"C25A","M",25.73636,-79.25005
2012-10-03 12:40:00,"C25A","H",25.73625,-79.25067
2012-10-03 12:50:00,"C25A","H",25.73585,-79.25197
2012-10-03 13:05:00,"C25A","H",25.73225,-79.25479
2012-10-03 13:10:00,"C25A","H",25.73075,-79.25629
2012-10-03 13:20:00,"C25A","H",25.73022,-79.25713
2012-10-03 13:26:00,"C25A","H",25.73069,-79.25648
2012-10-03 15:07:00,"C25A","H",25.72589,-79.25237
2013-02-11 23:20:00,"C25B","M",25.73466,-79.25018
2013-02-11 23:25:00,"C25B","H",25.73339,-79.2496
2013-02-11 23:30:00,"C25B","M",25.73394,-79.25008
2013-02-11 23:35:00,"C25B","M",25.73372,-79.2493
2013-02-11 23:40:00,"C25B","H",25.7339,-79.25113
2013-02-11 23:59:00,"C25B","H",25.73125,-79.25413
2013-02-12 00:00:00,"C25B","H",25.72466,-79.27052
2013-02-12 00:05:00,"C25B","H",25.727,-79.25407
2013-02-12 00:08:00,"C25B","H",25.73524,-79.25317
2013-02-12 00:13:00,"C25B","M",25.73325,-79.25341
2013-02-12 00:18:00,"C25B","H",25.73217,-79.25311
2013-02-12 00:28:00,"C25B","H",25.73098,-79.25538
2013-02-12 00:45:00,"C25B","H",25.72773,-79.25475
2013-02-12 00:55:00,"C25B","M",25.72753,-79.25462
2013-02-12 01:00:00,"C25B","H",25.72608,-79.25404
2013-02-12 23:42:00,"C25B","M",25.73417,-79.24934
2013-02-12 23:53:00,"C25B","H",25.73483,-79.25038
2013-02-12 23:58:00,"C25B","M",25.73512,-79.25149
2012-10-02 12:38:00,"C69A","M",25.73465,-79.24775
2012-10-02 12:57:00,"C69A","M",25.73574,-79.24864
2012-10-02 13:03:00,"C69A","M",25.73553,-79.24843
2012-10-02 13:09:00,"C69A","M",25.73492,-79.2481
2012-10-02 13:14:00,"C69A","M",25.73499,-79.24849
2012-10-02 13:19:00,"C69A","M",25.73505,-79.2489
2012-10-02 13:25:00,"C69A","M",25.73547,-79.25009
2012-10-02 13:30:00,"C69A","M",25.73536,-79.25059
2012-10-02 13:35:00,"C69A","M",25.73477,-79.24806
2012-10-02 13:46:00,"C69A","M",25.73523,-79.25101
2012-10-02 13:54:00,"C69A","M",25.73513,-79.25023
2012-10-02 13:59:00,"C69A","M",25.7349,-79.24782
2012-10-02 14:05:00,"C69A","M",25.73454,-79.24699
2012-10-02 14:10:00,"C69A","M",25.73433,-79.24669
2012-10-02 14:15:00,"C69A","M",25.73469,-79.24733
2012-10-02 14:20:00,"C69A","M",25.73476,-79.24751
2012-10-02 14:25:00,"C69A","M",25.73447,-79.24718
2012-10-02 14:30:00,"C69A","L",25.73456,-79.24649
2012-10-02 14:35:00,"C69A","L",25.73502,-79.24692
2012-10-02 14:40:00,"C69A","L",25.73417,-79.2461
2012-10-02 14:55:00,"C69A","L",25.73499,-79.24656
2012-10-02 15:00:00,"C69A","L",25.73361,-79.24652
2012-10-02 15:05:00,"C69A","L",25.73423,-79.24701
2012-10-02 15:10:00,"C69A","L",25.7349,-79.24827
2012-10-02 15:15:00,"C69A","L",25.73525,-79.24856
2012-10-02 15:20:00,"C69A","L",25.73543,-79.24879
2012-10-03 15:55:00,"C69A","L",25.73361,-79.248573
2012-10-03 16:00:00,"C69A","L",25.73382,-79.24685
2012-10-03 16:08:00,"C69A","L",25.7315,-79.24804
2012-10-03 16:13:00,"C69A","L",25.73276,-79.24849
2012-10-03 16:18:00,"C69A","L",25.73389,-79.25011
2012-10-03 16:25:00,"C69A","L",25.73345,-79.24987
2012-10-03 16:30:00,"C69A","L",25.73382,-79.25066
2012-10-03 16:42:00,"C69A","L",25.73354,-79.24835
2012-10-03 16:47:00,"C69A","L",25.73244,-79.24659
2012-10-03 16:55:00,"C69A","L",25.73247,-79.24629
2012-10-03 17:05:00,"C69A","L",25.73319,-79.24968
2012-10-03 17:12:00,"C69A","L",25.73411,-79.24934
2012-10-03 17:18:00,"C69A","M",25.73283,-79.24779
2014-03-19 12:28:00,"C69B","H",25.74594,-79.24051
2014-03-19 12:35:00,"C69B","L",25.7446,-79.24097
2014-03-19 12:40:00,"C69B","H",25.7434,-79.24151
2014-03-19 12:50:00,"C69B","H",25.74028,-79.24073
2014-03-19 12:55:00,"C69B","H",25.7371,-79.24019
2014-03-19 13:00:00,"C69B","H",25.73588,-79.24039
2014-03-19 13:05:00,"C69B","H",25.73484,-79.24047
2014-03-19 13:10:00,"C69B","H",25.7373,-79.23966
2014-03-19 13:15:00,"C69B","H",25.73916,-79.24002
2014-03-19 13:20:00,"C69B","H",25.74059,-79.24058
2014-03-19 13:25:00,"C69B","H",25.74242,-79.24077
2014-03-19 13:30:00,"C69B","H",25.74414,-79.24113
2014-03-19 13:37:00,"C69B","H",25.74668,-79.24098
2014-03-19 13:44:00,"C69B","M",25.74717,-79.24143
2014-03-19 13:49:00,"C69B","M",25.74754,-79.24204
2014-03-19 13:54:00,"C69B","M",25.74625,-79.24163
2014-03-19 13:59:00,"C69B","M",25.74505,-79.24107
2014-03-19 14:04:00,"C69B","M",25.74492,-79.24095
2014-03-19 14:09:00,"C69B","M",25.74247,-79.24105
2014-03-19 14:14:00,"C69B","M",25.74001,-79.24031
2014-03-19 14:19:00,"C69B","M",25.73779,-79.23981
2014-03-19 14:28:00,"C69B","M",25.73733,-79.23882
2014-03-19 14:33:00,"C69B","M",25.73803,-79.23919
2014-03-19 14:38:00,"C69B","M",25.74066,-79.24026
2014-03-19 14:43:00,"C69B","M",25.74164,-79.2405
2014-03-19 14:53:00,"C69B","M",25.74589,-79.24033
2014-03-19 14:58:00,"C69B","M",25.74484,-79.24032
2014-03-19 15:03:00,"C69B","M",25.74655,-79.23968
2014-03-19 15:14:00,"C69B","M",25.74919,-79.23902
2014-03-19 15:23:00,"C69B","M",25.74576,-79.23811
2014-03-19 15:28:00,"C69B","M",25.74259,-79.24059
2014-03-19 15:35:00,"C69B","M",25.73992,-79.23937
2014-03-20 13:05:00,"C69B","H",25.73837,-79.23991
2014-03-20 13:10:00,"C69B","H",25.73627,-79.24004
2014-03-20 14:15:00,"C69B","M",25.73015,-79.2511
2014-03-22 13:37:00,"C69B","L",25.73417,-79.25135
2014-03-22 13:42:00,"C69B","H",25.73337,-79.24989
2014-03-22 13:52:00,"C69B","H",25.73417,-79.24921
2014-03-22 13:57:00,"C69B","H",25.73473,-79.25025
2014-03-22 14:02:00,"C69B","H",25.73495,-79.252
2014-03-22 14:07:00,"C69B","H",25.73466,-79.25337
2014-03-22 14:12:00,"C69B","H",25.73439,-79.25185
2014-03-22 14:17:00,"C69B","H",25.73336,-79.2519
2014-03-22 14:22:00,"C69B","H",25.73291,-79.25089
2014-03-22 14:27:00,"C69B","H",25.73261,-79.25111
2014-03-22 14:32:00,"C69B","H",25.73213,-79.25207
2014-03-22 15:00:00,"C69B","H",25.73253,-79.25092
2014-03-22 15:15:00,"C69B","H",25.73284,-79.25146
2014-03-23 11:24:00,"C69B","H",25.7346,-79.24009
2014-03-23 11:29:00,"C69B","H",25.73441,-79.23983
2014-03-23 11:36:00,"C69B","H",25.73501,-79.23986
2014-03-23 11:41:00,"C69B","M",25.73396,-79.24635
2014-03-23 11:46:00,"C69B","L",25.73276,-79.24702
2014-03-23 11:51:00,"C69B","M",25.73133,-79.24173
2014-03-23 11:56:00,"C69B","M",25.7303,-79.24301
2014-03-23 12:01:00,"C69B","M",25.73035,-79.24387
2014-03-23 12:06:00,"C69B","M",25.73084,-79.24313
2014-03-23 12:11:00,"C69B","M",25.73104,-79.24251
2014-03-23 12:16:00,"C69B","M",25.73193,-79.24182
2014-03-23 12:21:00,"C69B","M",25.7328,-79.24131
2014-03-23 12:25:00,"C69B","M",25.73388,-79.24016
2014-03-23 12:31:00,"C69B","M",25.73554,-79.23983
2014-03-23 12:36:00,"C69B","M",25.73774,-79.23971
2014-03-23 12:41:00,"C69B","M",25.73949,-79.24013
2014-03-23 12:46:00,"C69B","M",25.74108,-79.24044
2014-03-23 12:51:00,"C69B","M",25.74201,-79.24072
2014-03-23 12:56:00,"C69B","H",25.74367,-79.24117
2014-03-23 13:01:00,"C69B","H",25.74561,-79.24109
2014-03-23 13:06:00,"C69B","H",25.74648,-79.24128
2014-03-23 13:11:00,"C69B","H",25.74677,-79.24199
2014-03-23 13:16:00,"C69B","H",25.74541,-79.24129
2014-03-23 13:21:00,"C69B","H",25.74457,-79.24089
2014-03-23 13:26:00,"C69B","H",25.74263,-79.24081
2014-03-23 13:30:00,"C69B","H",25.74044,-79.24032
2014-03-23 13:31:00,"C69B","H",25.74119,-79.24043
2014-03-23 13:35:00,"C69B","H",25.73854,-79.23987
2014-03-23 13:40:00,"C69B","H",25.73522,-79.24028
2014-03-23 13:45:00,"C69B","H",25.73303,-79.241
2014-03-23 13:50:00,"C69B","H",25.73093,-79.24274
2014-03-23 13:55:00,"C69B","H",25.73001,-79.24583
2014-03-23 14:08:00,"C69B","L",25.73037,-79.24988
2014-03-23 14:22:00,"C69B","H",25.72911,-79.2544
2014-03-23 15:00:00,"C69B","H",25.73406,-79.25278
2014-03-23 15:08:00,"C69B","H",25.73395,-79.25025
2014-03-23 15:20:00,"C69B","H",25.73415,-79.25122
2013-07-24 13:14:00,"C69C","L",25.73247,-79.24106
2013-07-24 13:20:00,"C69C","L",25.7342,-79.23825
2013-07-24 13:25:00,"C69C","L",25.73475,-79.23832
2013-07-24 13:30:00,"C69C","H",25.73688,-79.23932
2013-07-24 13:35:00,"C69C","L",25.73869,-79.23888
2013-07-24 13:45:00,"C69C","L",25.74115,-79.23855
2013-07-24 13:50:00,"C69C","L",25.74157,-79.23909
2013-07-24 14:01:00,"C69C","L",25.74059,-79.23828
2013-07-24 14:05:00,"C69C","L",25.74043,-79.23911
2013-07-24 14:11:00,"C69C","L",25.74232,-79.24039
2013-07-24 14:17:00,"C69C","L",25.7445,-79.24011
2013-07-24 14:22:00,"C69C","L",25.74592,-79.24002
2013-07-24 14:27:00,"C69C","L",25.74662,-79.23949
2013-07-24 14:32:00,"C69C","L",25.74637,-79.23982
2013-07-24 14:38:00,"C69C","L",25.74603,-79.23966
2013-07-24 14:49:00,"C69C","L",25.74462,-79.2397
2013-07-24 14:55:00,"C69C","L",25.74416,-79.23978
2013-07-24 15:01:00,"C69C","L",25.7449,-79.2382
2013-07-24 15:06:00,"C69C","L",25.74417,-79.23792
2013-07-24 15:08:00,"C69C","L",25.74448,-79.2381
2013-07-24 15:13:00,"C69C","L",25.74444,-79.2374
2013-07-24 15:18:00,"C69C","M",25.74507,-79.23813
2013-07-24 15:23:00,"C69C","H",25.7446,-79.23777
2013-07-24 15:28:00,"C69C","L",25.74389,-79.23799
2013-07-24 15:33:00,"C69C","L",25.74276,-79.23733
2013-07-24 15:38:00,"C69C","L",25.74191,-79.23818
2013-07-24 15:45:00,"C69C","L",25.74252,-79.23734
2013-07-24 15:52:00,"C69C","L",25.74198,-79.23647
2013-07-24 15:58:00,"C69C","L",25.74074,-79.23612
2013-07-24 16:05:00,"C69C","L",25.74087,-79.23652
2013-07-24 16:11:00,"C69C","M",25.7423,-79.23755
2013-07-24 16:18:00,"C69C","M",25.74312,-79.23787
2013-07-24 16:24:00,"C69C","M",25.74527,-79.23905
2013-07-24 16:31:00,"C69C","M",25.74587,-79.23899
2013-07-24 16:36:00,"C69C","L",25.74507,-79.23857
2013-07-24 16:42:00,"C69C","M",25.74402,-79.23809
2013-07-24 16:47:00,"C69C","M",25.74271,-79.23714
2013-07-24 16:52:00,"C69C","M",25.74177,-79.23672
2013-07-24 16:57:00,"C69C","M",25.74088,-79.23665
2013-07-25 12:59:00,"C69C","L",25.74194,-79.23978
2013-07-25 13:06:00,"C69C","L",25.74327,-79.24101
2013-07-25 13:12:00,"C69C","L",25.74472,-79.2408
2013-07-25 13:15:00,"C69C","L",25.74499,-79.24101
2013-07-25 13:20:00,"C69C","L",25.74521,-79.24063
2013-07-25 13:26:00,"C69C","L",25.74698,-79.24017
2013-07-25 13:31:00,"C69C","L",25.74801,-79.24056
2013-07-25 13:36:00,"C69C","L",25.7488,-79.2422
2013-07-25 13:41:00,"C69C","L",25.74837,-79.24087
2013-07-25 13:50:00,"C69C","L",25.74902,-79.24124
2013-07-25 13:55:00,"C69C","L",25.75047,-79.24207
2013-07-25 14:01:00,"C69C","L",25.75232,-79.24247
2013-07-25 14:06:00,"C69C","L",25.75357,-79.2431
2013-07-25 14:11:00,"C69C","L",25.75529,-79.24392
2013-07-25 14:16:00,"C69C","L",25.75592,-79.24384
2013-07-25 14:21:00,"C69C","L",25.75669,-79.24444
2013-07-25 14:26:00,"C69C","L",25.75824,-79.24473
2013-07-25 14:31:00,"C69C","L",25.76082,-79.24585
2013-07-25 14:36:00,"C69C","L",25.76071,-79.24551
2013-07-25 14:41:00,"C69C","L",25.76927,-79.2446
2013-07-25 14:51:00,"C69C","L",25.75739,-79.24426
2013-07-25 14:56:00,"C69C","L",25.75576,-79.24392
2013-07-25 15:01:00,"C69C","L",25.75424,-79.24325
2013-07-25 15:06:00,"C69C","L",25.75293,-79.24301
2013-07-25 15:11:00,"C69C","L",25.75172,-79.24233
2013-07-25 15:16:00,"C69C","L",25.75046,-79.24179
2013-07-25 15:21:00,"C69C","L",25.74913,-79.24092
2013-07-25 15:26:00,"C69C","L",25.7476,-79.23943
2013-07-25 15:32:00,"C69C","L",25.74677,-79.24
2013-07-25 15:38:00,"C69C","L",25.7454,-79.24032
2013-07-25 15:40:00,"C69C","L",25.74512,-79.24048
2013-07-25 15:46:00,"C69C","L",25.74433,-79.23907
2013-07-25 15:51:00,"C69C","L",25.74322,-79.23907
2013-07-25 15:56:00,"C69C","L",25.74253,-79.23828
2013-07-25 16:01:00,"C69C","L",25.7417,-79.23817
2013-07-25 16:07:00,"C69C","L",25.74088,-79.23816
2013-07-25 16:13:00,"C69C","L",25.73983,-79.23888
2013-07-25 16:21:00,"C69C","L",25.74013,-79.23806
2013-07-25 16:26:00,"C69C","L",25.73933,-79.23868
2013-07-25 16:31:00,"C69C","L",25.73978,-79.23907
2013-07-25 16:36:00,"C69C","L",25.74107,-79.23901
2013-07-25 16:41:00,"C69C","L",25.7417,-79.23778
2013-07-25 16:46:00,"C69C","L",25.74153,-79.23643
2013-07-25 16:51:00,"C69C","L",25.7409,-79.23648
2013-07-25 16:56:00,"C69C","L",25.73598,-79.23631
2013-07-25 17:00:00,"C69C","L",25.74058,-79.23672
2013-07-26 14:50:00,"C69C","L",25.7422,-79.24057
2013-07-26 14:56:00,"C69C","L",25.74094,-79.23983
2013-07-26 15:00:00,"C69C","L",25.74013,-79.23931
2013-07-26 15:05:00,"C69C","L",25.73826,-79.23955
2013-07-26 15:10:00,"C69C","L",25.73696,-79.23822
2013-07-26 15:15:00,"C69C","L",25.7365,-79.23983
2013-07-27 11:20:00,"C69C","L",25.73963,-79.24051
2013-07-27 11:27:00,"C69C","H",25.73988,-79.24044
2013-07-27 11:33:00,"C69C","H",25.74187,-79.2409
2013-07-27 11:37:00,"C69C","H",25.74355,-79.24097
2013-07-27 11:41:00,"C69C","H",25.74318,-79.24093
2013-07-27 11:46:00,"C69C","H",25.74192,-79.2406
2013-07-27 11:51:00,"C69C","H",25.74013,-79.2402
2013-07-27 11:56:00,"C69C","H",25.73866,-79.2398
2013-07-27 12:01:00,"C69C","M",25.73699,-79.2397
2013-07-27 12:06:00,"C69C","M",25.73564,-79.24012
2013-07-27 12:11:00,"C69C","H",25.73375,-79.24062
2013-07-27 12:16:00,"C69C","M",25.73278,-79.24103
2013-07-27 12:21:00,"C69C","M",25.73256,-79.24128
2013-07-27 12:26:00,"C69C","L",25.73358,-79.24081
2013-07-27 12:31:00,"C69C","M",25.73293,-79.24091
2013-07-27 12:36:00,"C69C","M",25.73243,-79.2411
2013-07-27 12:46:00,"C69C","M",25.73071,-79.24288
2013-07-27 12:52:00,"C69C","M",25.73058,-79.24342
2013-07-27 12:58:00,"C69C","M",25.72994,-79.24665
2013-07-28 10:43:00,"C69C","M",25.73535,-79.23899
2013-07-28 10:48:00,"C69C","H",25.73573,-79.23801
2013-07-28 10:58:00,"C69C","H",25.73304,-79.23836
2013-07-28 11:03:00,"C69C","H",25.73098,-79.23776
2013-07-28 11:09:00,"C69C","H",25.73154,-79.23914
2013-07-28 11:31:00,"C69C","H",25.72539,-79.24489
2013-07-28 11:39:00,"C69C","H",25.72695,-79.24743
2013-07-28 11:43:00,"C69C","H",25.72553,-79.24915
2013-07-28 11:48:00,"C69C","H",25.72486,-79.2505
2013-07-28 11:53:00,"C69C","H",25.72373,-79.25319
2013-07-28 11:59:00,"C69C","H",25.72461,-79.25466
2013-07-28 12:04:00,"C69C","H",25.72604,-79.25684
2013-07-28 12:09:00,"C69C","H",25.72625,-79.25796
2013-07-28 12:14:00,"C69C","H",25.72509,-79.25943
2013-07-28 12:19:00,"C69C","H",25.72371,-79.26125
2013-07-28 12:26:00,"C69C","H",25.72512,-79.26279
2013-07-28 12:36:00,"C69C","H",25.72565,-79.26489
2013-07-28 12:41:00,"C69C","H",25.72619,-79.26617
2013-07-28 12:46:00,"C69C","H",25.72702,-79.26716
2013-07-28 12:51:00,"C69C","M",25.72711,-79.26888
2013-07-28 12:56:00,"C69C","M",25.72779,-79.27152
2013-07-28 13:21:00,"C69C","M",25.72687,-79.26701
2013-07-28 13:26:00,"C69C","M",25.72707,-79.26385
2013-07-28 13:33:00,"C69C","M",25.72809,-79.25965
2013-07-28 13:43:00,"C69C","M",25.73071,-79.25649
2013-07-28 13:49:00,"C69C","M",25.73168,-79.25488
2013-07-28 13:54:00,"C69C","M",25.73257,-79.25472
2013-07-28 13:59:00,"C69C","M",25.7323,-79.25375
2013-07-28 14:04:00,"C69C","H",25.73291,-79.2522
2013-07-28 14:17:00,"C69C","M",25.73379,-79.24927
2013-07-28 14:25:00,"C69C","M",25.73452,-79.24842
2013-07-28 14:30:00,"C69C","M",25.73566,-79.24709
2013-07-28 14:38:00,"C69C","M",25.7353,-79.24739
2013-07-28 14:43:00,"C69C","M",25.73482,-79.24858
2013-07-28 14:48:00,"C69C","M",25.73422,-79.25079
2013-07-28 14:53:00,"C69C","L",25.73355,-79.25009
2013-07-28 14:58:00,"C69C","L",25.73372,-79.25102
2013-07-28 15:03:00,"C69C","M",25.73358,-79.25194
2013-07-28 15:08:00,"C69C","L",25.73276,-79.25311
2013-07-28 15:13:00,"C69C","L",25.73152,-79.25333
2013-07-28 15:19:00,"C69C","L",25.72908,-79.25359
2013-07-28 15:24:00,"C69C","L",25.72883,-79.25407
2013-07-28 15:29:00,"C69C","L",25.72747,-79.25402
2013-07-28 15:34:00,"C69C","L",25.72696,-79.25444
2013-07-28 15:41:00,"C69C","L",25.72012,-79.25647
2013-07-28 15:46:00,"C69C","L",25.72803,-79.25656
2013-07-28 15:51:00,"C69C","L",25.72634,-79.25747
2013-07-28 15:56:00,"C69C","L",25.72543,-79.25867
2013-07-28 16:01:00,"C69C","L",25.72551,-79.25972
2013-07-28 16:03:00,"C69C","L",25.72497,-79.25862
2012-07-29 21:03:00,"D40","H",25.73794,-79.24576
2012-07-29 21:08:00,"D40","H",25.73746,-79.24537
2012-07-29 21:13:00,"D40","H",25.73703,-79.24429
2012-07-29 21:19:00,"D40","M",25.73742,-79.24551
2012-07-29 21:24:00,"D40","M",25.73763,-79.24516
2012-07-29 21:31:00,"D40","M",25.73804,-79.246
2012-07-30 00:28:00,"D40","M",25.73632,-79.2471
2012-07-30 02:26:00,"D40","L",25.72979,-79.2502
2012-07-30 02:41:00,"D40","L",25.72991,-79.2503
2012-07-30 03:11:00,"D40","M",25.73054,-79.24924
2012-07-30 09:04:00,"D40","H",25.73714,-79.24552
2012-07-30 09:35:00,"D40","M",25.73714,-79.25572
2012-07-30 09:45:00,"D40","M",25.73699,-79.24582
2012-07-30 09:51:00,"D40","M",25.73711,-79.24551
2012-07-30 09:56:00,"D40","M",25.73703,-79.24556
2012-07-30 14:55:00,"D40","M",25.72905,-79.25126
2012-07-30 15:23:00,"D40","M",25.72809,-79.25138
2012-07-31 00:10:00,"D40","H",25.73704,-79.24527
2012-07-31 00:15:00,"D40","M",25.73699,-79.24497
2012-07-31 09:03:00,"D40","H",25.73702,-79.24534
2012-07-31 09:04:00,"D40","M",25.73699,-79.24534
2012-07-31 09:05:00,"D40","M",25.73704,-79.24529
2012-07-31 09:09:00,"D40","M",25.73682,-79.2455
2012-07-31 09:25:00,"D40","H",25.73699,-79.24534
2012-07-31 09:35:00,"D40","H",25.73699,-79.2453
2012-07-31 09:55:00,"D40","H",25.73704,-79.24539
2012-07-31 10:00:00,"D40","H",25.73699,-79.24534
2012-07-31 10:04:00,"D40","H",25.73682,-79.2452
2012-07-31 10:12:00,"D40","M",25.73701,-79.24544
2012-07-31 10:17:00,"D40","L",25.73702,-79.24544
2012-07-31 10:23:00,"D40","H",25.73704,-79.24544
2012-07-31 10:28:00,"D40","M",25.73706,-79.24539
2012-07-31 10:33:00,"D40","H",25.73697,-79.24525
2012-07-31 10:46:00,"D40","M",25.73691,-79.24538
2012-07-31 10:57:00,"D40","M",25.73683,-79.24535
2012-07-31 11:13:00,"D40","M",25.73748,-79.24586
2012-07-31 11:17:00,"D40","M",25.73716,-79.24559
2012-07-31 11:27:00,"D40","M",25.73682,-79.24554
2012-07-31 11:32:00,"D40","M",25.73664,-79.24586
2012-07-31 11:37:00,"D40","M",25.73581,-79.2476
2012-07-31 11:43:00,"D40","M",25.73558,-79.24697
2012-07-31 13:23:00,"D40","L",25.73035,-79.25043
2012-07-31 13:28:00,"D40","L",25.73062,-79.25033
2012-07-31 13:52:00,"D40","L",25.73027,-79.25017
2012-07-31 13:58:00,"D40","L",25.73048,-79.25
2012-07-31 15:02:00,"D40","L",25.73039,-79.2501
2012-07-31 15:04:00,"D40","L",25.73022,-79.2502
2012-07-31 15:05:00,"D40","L",25.73031,-79.25016
2012-07-31 15:16:00,"D40","L",25.73048,-79.25021
2012-07-31 15:25:00,"D40","L",25.7304,-79.25004
2012-07-31 15:29:00,"D40","L",25.73041,-79.25012
2012-07-31 15:34:00,"D40","L",25.73048,-79.2501
2012-07-31 15:45:00,"D40","H",25.73042,-79.25007
2012-07-31 15:54:00,"D40","L",25.73034,-79.25073
2012-08-01 01:34:00,"D40","M",25.73817,-79.24522
2012-08-01 01:40:00,"D40","L",25.73777,-79.24557
2012-08-01 01:46:00,"D40","M",25.737,-79.24849
2012-08-01 01:51:00,"D40","L",25.73616,-79.24909
2012-08-01 14:14:00,"D40","M",25.73068,-79.25025
2012-08-02 15:52:00,"D40","L",25.73003,-79.24994
2014-09-03 16:00:00,"E07","H",25.72485,-79.24218
2014-09-03 16:05:00,"E07","H",25.72718,-79.24684
2014-09-03 16:10:00,"E07","H",25.72697,-79.24568
2014-09-03 16:15:00,"E07","H",25.72614,-79.24532
2014-09-03 16:20:00,"E07","H",25.72503,-79.24548
2014-09-03 16:25:00,"E07","H",25.72415,-79.24707
2014-09-03 16:30:00,"E07","H",25.72268,-79.24888
2014-09-03 16:35:00,"E07","H",25.72212,-79.25004
2014-09-03 16:40:00,"E07","H",25.72172,-79.25129
2014-09-03 16:45:00,"E07","H",25.72188,-79.2539
2014-09-03 16:50:00,"E07","L",25.72095,-79.25578
2014-09-03 16:55:00,"E07","H",25.72132,-79.25695
2014-09-03 17:00:00,"E07","H",25.7217,-79.25806
2014-09-03 17:05:00,"E07","H",25.72298,-79.25995
2014-09-03 17:10:00,"E07","H",25.72443,-79.2626
2014-09-03 17:15:00,"E07","H",25.7247,-79.26233
2014-09-03 17:20:00,"E07","H",25.72418,-79.26296
2014-09-03 17:25:00,"E07","H",25.72455,-79.26445
2014-09-03 17:30:00,"E07","H",25.72598,-79.26714
2014-09-03 17:35:00,"E07","H",25.72685,-79.26833
2014-09-03 17:40:00,"E07","H",25.72679,-79.26745
2014-09-03 17:45:00,"E07","H",25.72695,-79.26449
2014-09-03 17:50:00,"E07","H",25.72697,-79.26588
2014-09-03 17:55:00,"E07","H",25.72673,-79.26466
2014-09-04 00:00:00,"E07","H",25.7366,-79.23607
2014-09-04 00:05:00,"E07","H",25.73775,-79.23598
2014-09-04 00:10:00,"E07","H",25.7392,-79.23666
2014-09-04 00:15:00,"E07","H",25.74089,-79.2369
2014-09-04 00:20:00,"E07","H",25.74193,-79.23735
2014-09-04 00:25:00,"E07","H",25.74114,-79.23928
2014-09-04 00:35:00,"E07","M",25.74095,-79.23963
2014-09-04 00:40:00,"E07","M",25.74184,-79.24013
2014-09-04 00:45:00,"E07","M",25.74404,-79.24105
2014-09-04 00:50:00,"E07","M",25.74494,-79.2401
2014-09-04 00:55:00,"E07","M",25.74628,-79.23997
2014-09-04 01:00:00,"E07","M",25.74762,-79.24003
2014-09-04 01:05:00,"E07","M",25.74804,-79.24109
2014-09-04 01:10:00,"E07","M",25.74843,-79.2417
2014-09-04 01:20:00,"E07","M",25.74904,-79.24108
2014-09-04 01:25:00,"E07","M",25.74968,-79.24167
2014-09-04 01:30:00,"E07","M",25.7504,-79.24168
2014-09-04 01:35:00,"E07","M",25.75045,-79.24201
2014-09-04 01:40:00,"E07","M",25.75188,-79.24231
2014-09-04 01:45:00,"E07","M",25.75135,-79.24269
2014-09-04 01:50:00,"E07","M",25.74964,-79.24212
2014-09-04 01:55:00,"E07","M",25.75001,-79.24089
2014-09-04 02:00:00,"E07","M",25.7503,-79.24159
2014-09-04 02:10:00,"E07","M",25.74974,-79.2414
2014-09-04 02:32:00,"E07","M",25.74258,-79.24065
2014-09-04 02:37:00,"E07","M",25.7404,-79.24039
2014-09-04 02:42:00,"E07","M",25.73838,-79.2398
2014-09-04 02:47:00,"E07","M",25.73573,-79.23992
2014-09-04 02:52:00,"E07","M",25.734,-79.23984
2014-09-04 14:38:00,"E07","M",25.73074,-79.25633
2014-09-04 14:44:00,"E07","M",25.73124,-79.25633
2014-09-04 14:49:00,"E07","M",25.73174,-79.25418
2014-09-04 14:59:00,"E07","M",25.72923,-79.25642
2014-09-04 15:04:00,"E07","M",25.72829,-79.25823
2014-09-04 15:09:00,"E07","M",25.72632,-79.2599
2014-09-04 15:14:00,"E07","M",25.72445,-79.25202
2014-09-04 15:19:00,"E07","M",25.72431,-79.25496
2014-09-04 15:24:00,"E07","M",25.72253,-79.25684
2014-09-04 15:29:00,"E07","M",25.72078,-79.25802
2014-09-04 15:34:00,"E07","M",25.72119,-79.25826
2014-09-04 15:39:00,"E07","M",25.72351,-79.26712
2014-09-04 15:44:00,"E07","H",25.72572,-79.26511
2014-09-04 15:54:00,"E07","H",25.7267,-79.26158
2014-09-04 15:59:00,"E07","H",25.72613,-79.26939
2014-09-04 16:04:00,"E07","H",25.72466,-79.25943
2014-09-04 16:09:00,"E07","H",25.7257,-79.25731
2014-09-04 16:14:00,"E07","H",25.72776,-79.25755
2014-09-04 16:19:00,"E07","H",25.72322,-79.25664
2014-09-04 16:24:00,"E07","H",25.73053,-79.25608
2014-09-04 16:29:00,"E07","H",25.73077,-79.25596
2014-09-04 16:34:00,"E07","H",25.73052,-79.25612
2014-09-04 16:39:00,"E07","H",25.7317,-79.25548
2014-09-04 16:44:00,"E07","H",25.73288,-79.25354
2014-09-04 16:49:00,"E07","H",25.7334,-79.2517
2014-09-04 16:51:00,"E07","H",25.73294,-79.25158
2014-09-04 16:54:00,"E07","H",25.73223,-79.25139
2014-09-04 16:59:00,"E07","H",25.73325,-79.2521
2014-09-04 17:04:00,"E07","H",25.73347,-79.25123
2014-09-04 17:09:00,"E07","H",25.7339,-79.25032
2014-09-04 17:14:00,"E07","H",25.73318,-79.24945
2014-09-04 17:19:00,"E07","H",25.73389,-79.2505
2014-09-04 17:24:00,"E07","M",25.73301,-79.25205
2014-09-04 17:29:00,"E07","H",25.7326,-79.25305
2014-09-04 21:59:00,"E07","H",25.73352,-79.23883
2014-09-04 22:03:00,"E07","H",25.73379,-79.23886
2014-09-04 22:08:00,"E07","H",25.73409,-79.2365
2014-09-04 22:13:00,"E07","H",25.73244,-79.23522
2014-09-04 22:18:00,"E07","H",25.73052,-79.23576
2014-09-04 22:25:00,"E07","H",25.72983,-79.23571
2014-09-04 22:30:00,"E07","H",25.73059,-79.23702
2014-09-04 23:30:00,"E07","H",25.73409,-79.23853
2014-09-04 23:35:00,"E07","H",25.73266,-79.23975
2014-09-04 23:40:00,"E07","H",25.73363,-79.24033
2014-09-04 23:45:00,"E07","H",25.73493,-79.2389
2014-09-04 23:50:00,"E07","H",25.73458,-79.23726
2014-09-04 23:55:00,"E07","H",25.73525,-79.23647
2014-09-05 00:00:00,"E07","L",25.73352,-79.23922
2014-09-05 00:05:00,"E07","L",25.73425,-79.23612
2014-09-05 00:10:00,"E07","L",25.73457,-79.23757
2014-09-05 00:15:00,"E07","L",25.73322,-79.23457
2014-09-05 16:40:00,"E07","L",25.73157,-79.25529
2014-09-05 16:45:00,"E07","L",25.73114,-79.25412
2014-09-05 16:50:00,"E07","L",25.73039,-79.25578
2014-09-05 16:55:00,"E07","L",25.72954,-79.25719
2014-09-05 17:00:00,"E07","M",25.72765,-79.25933
2014-09-05 17:05:00,"E07","H",25.72567,-79.25385
2014-09-05 17:10:00,"E07","H",25.72624,-79.25311
2014-09-05 17:15:00,"E07","H",25.72477,-79.25998
2014-09-05 17:20:00,"E07","H",25.72313,-79.26017
2014-09-05 17:25:00,"E07","H",25.72224,-79.26028
2014-09-05 17:30:00,"E07","H",25.72164,-79.25979
2014-09-05 23:20:00,"E07","H",25.73097,-79.24704
2014-09-05 23:25:00,"E07","H",25.73106,-79.24751
2014-09-05 23:30:00,"E07","H",25.72865,-79.24646
2014-09-05 23:35:00,"E07","H",25.7278,-79.24651
2014-09-05 23:40:00,"E07","L",25.72836,-79.24343
2014-09-05 23:45:00,"E07","L",25.72931,-79.24201
2014-09-05 23:50:00,"E07","L",25.73127,-79.24069
2014-09-05 23:55:00,"E07","L",25.73275,-79.24049
2014-09-07 00:05:00,"E07","L",25.72551,-79.23815
2014-09-07 00:10:00,"E07","L",25.72442,-79.23824
2014-09-07 00:15:00,"E07","L",25.72312,-79.23914
2014-09-07 00:20:00,"E07","L",25.72214,-79.24126
2014-09-07 00:25:00,"E07","L",25.72134,-79.24152
2014-09-07 00:30:00,"E07","L",25.7201,-79.2416
2014-09-07 00:35:00,"E07","H",25.71924,-79.243
2014-09-07 00:40:00,"E07","L",25.71826,-79.2428
2014-09-07 00:45:00,"E07","L",25.71683,-79.24344
2014-09-07 00:50:00,"E07","L",25.71596,-79.24413
2014-09-07 00:55:00,"E07","L",25.71508,-79.24474
2014-09-07 01:00:00,"E07","L",25.71471,-79.24588
2014-09-07 01:05:00,"E07","L",25.71377,-79.24608
2014-09-07 01:10:00,"E07","L",25.71232,-79.2469
2014-09-07 01:15:00,"E07","L",25.71101,-79.24651
2014-09-07 01:20:00,"E07","L",25.71022,-79.24626
2014-09-07 01:25:00,"E07","L",25.70921,-79.24614
2014-09-07 01:30:00,"E07","L",25.70812,-79.2456
2014-09-07 01:35:00,"E07","L",25.70665,-79.24632
2014-09-07 01:40:00,"E07","L",25.70541,-79.24587
2014-09-07 01:45:00,"E07","L",25.70421,-79.24706
2014-09-07 01:50:00,"E07","L",25.70357,-79.24701
2014-09-07 01:55:00,"E07","L",25.70323,-79.24659
2014-09-07 02:00:00,"E07","M",25.7042,-79.24523
2014-09-07 02:05:00,"E07","M",25.70553,-79.24489
2014-09-07 02:10:00,"E07","M",25.70427,-79.24383
2014-09-07 23:48:00,"E07","H",25.72919,-79.24038
2014-09-07 23:53:00,"E07","L",25.72805,-79.23957
2014-09-07 23:58:00,"E07","L",25.72728,-79.2384
2012-10-02 13:03:00,"E50","H",25.73503,-79.24969
2012-10-02 13:14:00,"E50","H",25.73405,-79.25132
2012-10-02 13:19:00,"E50","M",25.73282,-79.25356
2012-10-02 13:30:00,"E50","H",25.73241,-79.25329
2012-10-02 13:35:00,"E50","M",25.73303,-79.25265
2012-10-02 13:42:00,"E50","M",25.73296,-79.25197
2012-10-03 09:33:00,"E50","H",25.73524,-79.24854
2012-10-03 09:38:00,"E50","H",25.73437,-79.24913
2012-10-03 09:43:00,"E50","H",25.7347,-79.24945
2012-10-03 09:48:00,"E50","H",25.73484,-79.24997
2012-10-03 09:53:00,"E50","H",25.73483,-79.25002
2012-10-03 10:13:00,"E50","H",25.73484,-79.24999
2012-10-03 10:18:00,"E50","H",25.73482,-79.24998
2012-10-03 10:28:00,"E50","M",25.73485,-79.25001
2012-10-03 10:33:00,"E50","H",25.73481,-79.25001
2012-10-03 10:38:00,"E50","H",25.73482,-79.25998
2012-10-03 10:46:00,"E50","H",25.73452,-79.24822
2012-10-03 10:51:00,"E50","H",25.73445,-79.2437
2012-10-03 11:01:00,"E50","M",25.7335,-79.24986
2012-10-03 11:06:00,"E50","M",25.73323,-79.24914
2012-10-03 11:20:00,"E50","H",25.73182,-79.24879
2012-10-03 11:26:00,"E50","M",25.73191,-79.24878
2012-10-03 11:31:00,"E50","H",25.73164,-79.2487
2012-10-03 11:36:00,"E50","H",25.73136,-79.24845
2014-09-29 16:54:00,"F7F","H",25.72955,-79.24907
2014-09-29 17:02:00,"F7F","M",25.73069,-79.24933
2014-09-29 17:05:00,"F7F","M",25.73069,-79.25093
2014-09-29 17:07:00,"F7F","M",25.72991,-79.2516
2014-09-29 17:10:00,"F7F","M",25.72988,-79.25337
2014-09-30 03:15:00,"F7F","M",25.72762,-79.24821
2014-09-30 03:20:00,"F7F","M",25.72874,-79.246
2014-09-30 03:25:00,"F7F","M",25.73042,-79.24484
2014-09-30 03:30:00,"F7F","M",25.73044,-79.24519
2014-09-30 03:35:00,"F7F","H",25.73039,-79.24611
2014-09-30 03:40:00,"F7F","H",25.73122,-79.24789
2014-09-30 03:45:00,"F7F","H",25.73169,-79.24806
2014-09-30 03:50:00,"F7F","H",25.7313,-79.24871
2014-09-30 03:55:00,"F7F","L",25.73144,-79.24929
2014-09-30 11:47:00,"F7F","H",25.73353,-79.25241
2014-09-30 11:53:00,"F7F","H",25.73459,-79.25103
2014-09-30 11:58:00,"F7F","H",25.735,-79.2495
2014-09-30 12:03:00,"F7F","M",25.7356,-79.2485
2014-09-30 21:47:00,"F7F","M",25.72797,-79.2441
2014-10-01 01:03:00,"F7F","H",25.73701,-79.24668
2014-10-01 01:09:00,"F7F","H",25.7378,-79.24547
2014-10-01 01:14:00,"F7F","H",25.73786,-79.24545
2014-10-01 01:19:00,"F7F","H",25.73784,-79.24541
2014-10-01 01:24:00,"F7F","H",25.73869,-79.24638
2014-10-01 01:29:00,"F7F","H",25.73896,-79.24784
2014-10-01 01:34:00,"F7F","H",25.73713,-79.24771
2014-10-01 01:39:00,"F7F","H",25.73779,-79.24702
2014-10-01 01:44:00,"F7F","H",25.73779,-79.2475
2014-10-01 01:52:00,"F7F","H",25.73808,-79.248
2014-10-01 01:57:00,"F7F","M",25.73814,-79.24645
2014-10-01 02:02:00,"F7F","H",25.73757,-79.24636
2014-10-01 03:03:00,"F7F","H",25.73464,-79.24767
2014-10-01 12:38:00,"F7F","H",25.7332,-79.24942
2014-10-01 12:43:00,"F7F","H",25.73502,-79.24891
2014-10-01 12:52:00,"F7F","H",25.73153,-79.25514
2014-10-01 12:53:00,"F7F","H",25.73484,-79.24817
2014-10-01 12:57:00,"F7F","H",25.73298,-79.25413
2014-10-01 12:58:00,"F7F","H",25.73589,-79.24783
2014-10-01 13:02:00,"F7F","H",25.73434,-79.25345
2014-10-01 13:07:00,"F7F","H",25.73608,-79.25317
2014-10-01 13:12:00,"F7F","H",25.7356,-79.25262
2014-10-01 13:17:00,"F7F","H",25.73505,-79.25039
2014-10-01 13:22:00,"F7F","H",25.73466,-79.25941
2014-10-01 13:27:00,"F7F","H",25.73498,-79.25889
2014-10-01 13:32:00,"F7F","H",25.73492,-79.25007
2014-10-01 13:37:00,"F7F","H",25.73402,-79.25089
2014-10-01 13:42:00,"F7F","H",25.73312,-79.25393
2014-10-01 13:47:00,"F7F","H",25.73406,-79.25006
2014-10-01 13:52:00,"F7F","M",25.73375,-79.25116
2014-10-02 01:23:00,"F7F","H",25.72687,-79.25488
2014-10-02 01:28:00,"F7F","H",25.72801,-79.2548
2014-10-02 13:17:00,"F7F","H",25.72726,-79.26034
2014-10-02 13:23:00,"F7F","H",25.7278,-79.26121
2014-10-02 15:05:00,"F7F","M",25.72772,-79.25925
2014-10-02 15:10:00,"F7F","M",25.72946,-79.25819
2014-10-02 15:23:00,"F7F","H",25.7284,-79.25962
2014-10-02 15:28:00,"F7F","H",25.72798,-79.25979
2014-10-02 15:33:00,"F7F","H",25.72808,-79.26022
2014-10-03 04:21:00,"F7F","H",25.731,-79.2482
2014-10-04 15:07:00,"F7F","M",25.72964,-79.2576
2014-10-04 15:12:00,"F7F","M",25.72823,-79.25817
2014-10-04 15:17:00,"F7F","M",25.72662,-79.26037
2014-10-04 15:22:00,"F7F","M",25.72544,-79.26261
2014-10-04 15:27:00,"F7F","M",25.72497,-79.26515
2014-10-04 15:32:00,"F7F","M",25.72559,-79.26758
2014-10-04 15:37:00,"F7F","M",25.72509,-79.27067
2014-10-04 15:42:00,"F7F","M",25.72504,-79.27161
2014-03-19 12:25:00,"O82","H",25.73611,-79.2513
2014-03-19 12:30:00,"O82","H",25.73682,-79.24965
2014-03-19 12:35:00,"O82","H",25.73622,-79.24847
2014-03-20 00:12:00,"O82","H",25.73386,-79.24996
2014-03-20 00:17:00,"O82","H",25.73172,-79.25118
2014-03-20 00:22:00,"O82","H",25.73327,-79.24905
2014-03-20 00:29:00,"O82","H",25.73355,-79.24935
2014-03-20 00:34:00,"O82","H",25.73325,-79.2517
2014-03-20 00:39:00,"O82","H",25.73265,-79.25142
2014-03-20 00:49:00,"O82","H",25.7335,-79.2535
2014-03-20 00:54:00,"O82","H",25.73353,-79.25231
2014-03-20 00:59:00,"O82","H",25.73363,-79.25294
2014-03-20 01:06:00,"O82","H",25.73363,-79.25271
2014-03-20 01:12:00,"O82","H",25.73206,-79.25142
2014-03-20 01:17:00,"O82","H",25.73195,-79.25017
2014-03-20 01:22:00,"O82","H",25.73102,-79.24804
2014-03-20 01:28:00,"O82","H",25.73088,-79.24863
2014-03-20 01:33:00,"O82","H",25.73112,-79.25121
2014-03-20 01:38:00,"O82","H",25.72935,-79.25032
2014-03-20 01:49:00,"O82","H",25.72792,-79.25224
2014-03-20 01:54:00,"O82","H",25.7258,-79.25144
2014-03-20 01:59:00,"O82","H",25.72398,-79.25087
2014-03-20 02:04:00,"O82","H",25.72338,-79.25237
2014-03-20 02:09:00,"O82","H",25.72246,-79.25162
2014-03-20 02:14:00,"O82","H",25.72117,-79.25129
2014-03-20 02:19:00,"O82","M",25.72183,-79.25196
2014-03-20 02:24:00,"O82","M",25.72097,-79.25043
2014-03-20 02:29:00,"O82","M",25.71903,-79.24918
2014-03-21 01:04:00,"O82","H",25.7333,-79.25282
2014-03-21 01:09:00,"O82","H",25.73211,-79.25273
2014-03-21 01:14:00,"O82","H",25.73295,-79.25134
2014-03-21 01:19:00,"O82","H",25.73378,-79.25224
2014-03-21 01:24:00,"O82","H",25.73502,-79.25194
2014-03-21 01:29:00,"O82","H",25.7352,-79.25176
2014-03-21 01:34:00,"O82","H",25.73625,-79.25292
2014-03-21 01:44:00,"O82","H",25.73564,-79.25223
2014-03-21 01:49:00,"O82","H",25.73424,-79.25162
2014-03-21 01:55:00,"O82","H",25.73412,-79.2504
2014-03-21 02:01:00,"O82","H",25.73272,-79.24903
2014-03-21 02:06:00,"O82","H",25.73226,-79.24874
2014-03-21 02:11:00,"O82","H",25.73172,-79.24906
2014-03-21 02:16:00,"O82","H",25.73077,-79.24847
2014-03-21 02:24:00,"O82","H",25.73109,-79.2488
2014-03-21 11:40:00,"O82","M",25.73707,-79.25983
2014-03-21 11:45:00,"O82","M",25.72586,-79.25902
2014-03-21 11:50:00,"O82","M",25.72399,-79.2577
2014-03-21 11:52:00,"O82","M",25.72551,-79.25738
2014-03-21 11:55:00,"O82","H",25.72619,-79.25691
2014-03-21 12:00:00,"O82","H",25.7279,-79.25672
2014-03-21 12:05:00,"O82","H",25.72708,-79.25616
2014-03-21 12:10:00,"O82","H",25.72528,-79.25617
2014-03-21 12:15:00,"O82","H",25.72447,-79.25747
2014-03-21 12:20:00,"O82","H",25.72379,-79.25448
2014-03-21 12:25:00,"O82","H",25.72348,-79.26153
2014-03-21 12:30:00,"O82","H",25.7248,-79.26322
2014-03-21 12:35:00,"O82","H",25.72624,-79.2635
2014-03-21 12:40:00,"O82","H",25.72694,-79.26515
2014-03-21 12:45:00,"O82","H",25.72701,-79.26419
2014-03-21 12:50:00,"O82","H",25.72736,-79.26205
2014-03-21 12:55:00,"O82","H",25.72581,-79.26196
2014-03-21 13:00:00,"O82","H",25.72533,-79.26127
2014-03-21 13:05:00,"O82","H",25.72643,-79.26022
2014-03-21 13:10:00,"O82","H",25.727,-79.25928
2014-03-21 13:15:00,"O82","H",25.72771,-79.25936
2014-03-21 13:20:00,"O82","H",25.72884,-79.25936
2014-03-21 13:25:00,"O82","H",25.72647,-79.25946
2014-03-21 13:30:00,"O82","H",25.72513,-79.26065
2014-03-21 13:35:00,"O82","H",25.72463,-79.26775
2014-03-21 13:40:00,"O82","H",25.72191,-79.26291
2014-03-21 13:45:00,"O82","L",25.7203,-79.2643
2014-03-21 13:50:00,"O82","H",25.72016,-79.26567
2014-03-21 13:55:00,"O82","M",25.71917,-79.26634
2014-03-22 01:00:00,"O82","H",25.72678,-79.24952
2014-03-22 01:06:00,"O82","H",25.72654,-79.24713
2014-03-22 01:18:00,"O82","H",25.72931,-79.24936
2014-03-23 00:27:00,"O82","H",25.72886,-79.25223
2014-03-23 00:32:00,"O82","H",25.72716,-79.2519
2014-03-23 00:45:00,"O82","H",25.72832,-79.25144
2014-03-23 00:55:00,"O82","H",25.72693,-79.2512
2014-03-23 00:58:00,"O82","H",25.72695,-79.25139
2014-03-23 01:03:00,"O82","H",25.72748,-79.2513
2014-03-23 01:08:00,"O82","H",25.72665,-79.25363
2014-03-23 01:13:00,"O82","H",25.72492,-79.25363
2014-03-23 01:18:00,"O82","H",25.72519,-79.25541
2014-03-23 01:23:00,"O82","H",25.72441,-79.2574
2014-03-23 01:28:00,"O82","H",25.72404,-79.25817
2014-03-23 01:33:00,"O82","H",25.72422,-79.25992
2014-03-23 01:38:00,"O82","H",25.72443,-79.26228
2014-03-23 01:43:00,"O82","H",25.72533,-79.26219
2014-03-23 01:47:00,"O82","H",25.72418,-79.25193
2014-03-23 01:52:00,"O82","H",25.72445,-79.26385
2014-03-23 01:57:00,"O82","H",25.72351,-79.26321
2014-03-23 02:02:00,"O82","H",25.72374,-79.26349
2014-03-23 02:07:00,"O82","H",25.72501,-79.26317
2014-03-23 02:12:00,"O82","H",25.72452,-79.26268
2014-03-23 02:17:00,"O82","H",25.72369,-79.26218
2014-03-23 02:22:00,"O82","H",25.7247,-79.26198
2014-03-23 02:27:00,"O82","H",25.72541,-79.2635
2013-07-26 10:15:00,"X267","H",25.7339,-79.24774
2013-07-26 10:20:00,"X267","H",25.73498,-79.24827
2013-07-26 10:25:00,"X267","H",25.73495,-79.24855
2013-07-26 10:30:00,"X267","H",25.73433,-79.24845
2013-07-26 10:35:00,"X267","H",25.73424,-79.2496
2013-07-26 10:40:00,"X267","H",25.73427,-79.24986
2013-07-26 10:46:00,"X267","H",25.73502,-79.24865
2013-07-26 10:51:00,"X267","M",25.74536,-79.2473
2013-07-26 10:56:00,"X267","H",25.73574,-79.24894
2013-07-26 11:01:00,"X267","H",25.73592,-79.24972
2013-07-26 11:06:00,"X267","M",25.73636,-79.25131
2013-07-26 11:11:00,"X267","M",25.73612,-79.25255
2013-07-26 11:20:00,"X267","M",25.73643,-79.25252
2013-07-26 11:25:00,"X267","M",25.73589,-79.25175
2013-07-26 11:30:00,"X267","M",25.73574,-79.2517
2013-07-26 11:36:00,"X267","M",25.73549,-79.24936
2013-07-26 11:42:00,"X267","M",25.73317,-79.2489
2013-07-26 11:45:00,"X267","M",25.73364,-79.24919
2013-07-26 11:49:00,"X267","M",25.73333,-79.24859
2013-07-26 11:55:00,"X267","M",25.73269,-79.24732
2013-07-26 12:00:00,"X267","M",25.7318,-79.24787
2013-07-26 12:05:00,"X267","M",25.73139,-79.24839
2013-07-26 12:10:00,"X267","M",25.73143,-79.24861
2013-07-26 12:15:00,"X267","M",25.73124,-79.24762
2013-07-26 12:20:00,"X267","M",25.73112,-79.24777
2013-07-26 12:25:00,"X267","M",25.73136,-79.24761
2013-07-26 12:30:00,"X267","M",25.73093,-79.24682
2013-07-26 12:35:00,"X267","M",25.73058,-79.24699
2013-07-26 12:40:00,"X267","M",25.73111,-79.24824
2013-07-26 12:45:00,"X267","M",25.73206,-79.24845
2013-07-26 12:50:00,"X267","M",25.73325,-79.24831
2013-07-26 12:55:00,"X267","M",25.73233,-79.24735
2013-07-27 11:07:00,"X267","H",25.7316,-79.24826
2013-07-27 11:12:00,"X267","H",25.73165,-79.2483
2013-07-27 11:17:00,"X267","H",25.73141,-79.24844
2013-07-27 11:22:00,"X267","H",25.73262,-79.24786
2013-07-27 11:27:00,"X267","H",25.73291,-79.24712
2013-07-27 11:32:00,"X267","H",25.73314,-79.24769
2013-07-27 11:37:00,"X267","H",25.73356,-79.24738
2013-07-27 11:42:00,"X267","H",25.73354,-79.24804
2013-07-27 11:47:00,"X267","H",25.7341,-79.24809
2013-07-27 11:52:00,"X267","H",25.73352,-79.24903
2013-07-27 11:57:00,"X267","M",25.73359,-79.24898
2013-07-27 12:02:00,"X267","M",25.73363,-79.24912
2013-07-27 12:07:00,"X267","M",25.73351,-79.24936
2013-07-27 12:12:00,"X267","M",25.73373,-79.25007
2013-07-27 12:17:00,"X267","M",25.7336,-79.24948
2013-07-27 12:22:00,"X267","M",25.73321,-79.2597
2013-07-27 12:27:00,"X267","M",25.73292,-79.25101
2013-07-27 12:32:00,"X267","M",25.73309,-79.25088
2013-07-27 12:37:00,"X267","M",25.73257,-79.25036
2013-07-27 12:42:00,"X267","M",25.73176,-79.25056
2013-07-27 12:47:00,"X267","M",25.73116,-79.25116
2013-07-27 12:52:00,"X267","M",25.73094,-79.25159
2013-07-27 12:57:00,"X267","M",25.73003,-79.25104
2013-07-27 14:04:00,"X267","M",25.7276,-79.25002
2013-07-27 14:10:00,"X267","M",25.72784,-79.25029
2013-07-27 14:15:00,"X267","L",25.72644,-79.25033
2013-07-27 14:20:00,"X267","L",25.7254,-79.24908
2013-07-27 14:25:00,"X267","L",25.72488,-79.24882
2013-07-27 14:30:00,"X267","L",25.72552,-79.24855
2013-07-27 14:36:00,"X267","L",25.72481,-79.24686
2013-07-27 14:41:00,"X267","L",25.72524,-79.24595
2013-07-27 14:46:00,"X267","L",25.72511,-79.24615
2013-07-27 14:51:00,"X267","L",25.72562,-79.24539
2013-07-27 14:56:00,"X267","L",25.72488,-79.24525
2013-07-27 15:06:00,"X267","L",25.7286,-79.24369
2013-07-27 15:10:00,"X267","L",25.72475,-79.24371
2013-07-27 15:15:00,"X267","L",25.72591,-79.24455
2013-07-27 15:20:00,"X267","L",25.72497,-79.24299
2013-07-27 15:25:00,"X267","L",25.72386,-79.24172
2013-07-27 15:30:00,"X267","L",25.72378,-79.24052
2013-07-27 15:35:00,"X267","L",25.7246,-79.24042
2013-07-27 15:40:00,"X267","L",25.72414,-79.24107
2013-07-27 15:45:00,"X267","L",25.72461,-79.2423
2013-07-27 15:50:00,"X267","L",25.72449,-79.24359
2013-07-27 15:55:00,"X267","L",25.72366,-79.24447
2013-07-27 16:00:00,"X267","L",25.72603,-79.24545
2013-07-27 16:05:00,"X267","L",25.72564,-79.246
2013-07-28 11:55:00,"X267","L",25.73255,-79.24738
2013-07-28 12:00:00,"X267","L",25.73322,-79.24705
2013-07-28 12:05:00,"X267","H",25.73239,-79.24721
2013-07-28 12:10:00,"X267","H",25.73185,-79.24762
2013-07-28 12:15:00,"X267","M",25.73125,-79.24762
2013-07-28 12:20:00,"X267","H",25.73064,-79.24703
2013-07-28 12:25:00,"X267","H",25.72975,-79.24674
2013-07-28 12:30:00,"X267","H",25.72986,-79.24813
2013-07-28 12:35:00,"X267","M",25.7293,-79.25092
2013-07-28 12:40:00,"X267","M",25.72925,-79.25716
2013-07-28 13:15:00,"X267","M",25.73137,-79.25072
2013-07-28 13:20:00,"X267","M",25.73187,-79.25188
2013-07-28 13:25:00,"X267","M",25.73191,-79.25109
2013-07-28 13:27:00,"X267","M",25.73198,-79.25083
2013-07-28 13:32:00,"X267","M",25.73153,-79.25047
2013-07-28 13:37:00,"X267","M",25.73197,-79.24959
2013-07-28 13:42:00,"X267","M",25.7319,-79.24944
2013-07-28 13:47:00,"X267","M",25.7321,-79.2494
2013-07-28 13:52:00,"X267","M",25.7321,-79.2494
2013-07-28 13:57:00,"X267","M",25.7321,-79.2494
2013-07-28 14:02:00,"X267","M",25.7314,-79.25013
2013-07-28 14:04:00,"X267","M",25.73112,-79.25005
2013-07-28 14:12:00,"X267","M",25.73114,-79.24988
2013-07-28 14:18:00,"X267","M",25.73109,-79.24929
2013-07-28 14:22:00,"X267","M",25.73127,-79.2491
2013-07-28 14:26:00,"X267","H",25.73125,-79.24883
2013-07-28 14:31:00,"X267","M",25.73123,-79.24797
2013-07-28 14:41:00,"X267","M",25.73116,-79.24809
2013-07-28 14:52:00,"X267","M",25.73119,-79.24799
2013-07-28 15:03:00,"X267","L",25.73073,-79.24816
2013-07-28 15:10:00,"X267","L",25.72998,-79.24756
2013-07-28 15:15:00,"X267","L",25.72941,-79.24738
2013-07-28 15:20:00,"X267","L",25.72934,-79.24733
2013-07-28 15:25:00,"X267","L",25.72766,-79.24763
2013-07-28 15:30:00,"X267","L",25.7262,-79.24732
2013-07-28 15:35:00,"X267","L",25.72611,-79.24695
2013-07-28 15:40:00,"X267","L",25.72568,-79.24582
2013-07-28 15:45:00,"X267","L",25.72553,-79.24587
2013-07-28 15:50:00,"X267","H",25.72516,-79.24645
2013-07-28 15:55:00,"X267","L",25.72608,-79.24744
2013-07-28 16:00:00,"X267","L",25.72576,-79.24828
2013-07-28 16:05:00,"X267","L",25.72477,-79.2487
2013-07-28 16:10:00,"X267","L",25.72698,-79.24977
2013-07-28 16:15:00,"X267","L",25.72376,-79.25052
2013-07-28 16:20:00,"X267","L",25.72505,-79.25181
2013-07-28 16:25:00,"X267","L",25.72599,-79.25234
2013-07-28 16:30:00,"X267","L",25.72479,-79.25262
2013-07-28 16:35:00,"X267","L",25.72385,-79.2533
2013-07-28 16:40:00,"X267","L",25.72356,-79.25426
2013-07-28 16:45:00,"X267","L",25.72263,-79.25527
2014-09-29 16:35:00,"X345","L",25.72626,-79.25471
2014-09-29 17:35:00,"X345","H",25.72866,-79.24683
2014-09-29 17:40:00,"X345","H",25.72782,-79.24662
2014-09-29 17:45:00,"X345","H",25.72707,-79.2463
2014-09-30 00:01:00,"X345","H",25.72909,-79.2548
2014-09-30 00:06:00,"X345","H",25.7289,-79.25779
2014-09-30 00:11:00,"X345","H",25.72881,-79.25554
2014-09-30 00:16:00,"X345","H",25.73011,-79.25557
2014-09-30 00:21:00,"X345","H",25.72814,-79.25607
2014-09-30 00:26:00,"X345","L",25.72919,-79.25525
2014-09-30 00:31:00,"X345","H",25.72871,-79.25655
2014-09-30 00:38:00,"X345","H",25.72801,-79.25815
2014-09-30 00:43:00,"X345","H",25.72726,-79.25955
2014-09-30 00:48:00,"X345","H",25.72742,-79.25955
2014-09-30 00:53:00,"X345","H",25.72685,-79.26047
2014-09-30 00:58:00,"X345","M",25.72702,-79.25932
2014-09-30 01:08:00,"X345","H",25.72614,-79.25771
2014-09-30 01:40:00,"X345","M",25.72376,-79.26024
2014-09-30 01:49:00,"X345","M",25.72419,-79.26136
2014-09-30 02:19:00,"X345","M",25.72592,-79.26979
2014-09-30 02:51:00,"X345","M",25.72925,-79.25687
2014-09-30 02:56:00,"X345","H",25.73026,-79.25501
2014-09-30 03:06:00,"X345","H",25.72884,-79.25377
2014-09-30 11:34:00,"X345","H",25.73114,-79.25349
2014-09-30 11:39:00,"X345","H",25.73093,-79.25258
2014-09-30 11:44:00,"X345","H",25.73331,-79.25244
2014-09-30 11:52:00,"X345","H",25.73441,-79.25128
2014-09-30 12:07:00,"X345","H",25.73347,-79.25098
2014-09-30 12:13:00,"X345","H",25.73266,-79.2527
2014-09-30 12:18:00,"X345","H",25.73094,-79.2536
2014-09-30 12:23:00,"X345","H",25.72989,-79.25555
2014-09-30 12:28:00,"X345","H",25.72798,-79.25569
2014-09-30 12:36:00,"X345","H",25.72718,-79.25429
2014-09-30 12:41:00,"X345","H",25.72959,-79.25466
2014-09-30 12:46:00,"X345","H",25.73085,-79.25552
2014-09-30 12:51:00,"X345","M",25.73291,-79.25369
2014-09-30 12:56:00,"X345","H",25.73136,-79.25393
2014-09-30 13:00:00,"X345","H",25.73055,-79.25362
2014-09-30 13:05:00,"X345","H",25.73143,-79.25321
2014-09-30 13:10:00,"X345","H",25.73186,-79.25259
2014-09-30 13:15:00,"X345","H",25.73207,-79.25201
2014-09-30 13:20:00,"X345","H",25.73169,-79.25259
2014-09-30 13:25:00,"X345","H",25.73101,-79.25319
2014-09-30 13:30:00,"X345","H",25.73016,-79.25391
2014-09-30 13:40:00,"X345","H",25.72907,-79.25546
2014-09-30 13:45:00,"X345","H",25.7273,-79.25603
2014-09-30 13:50:00,"X345","H",25.72089,-79.25594
2014-09-30 13:55:00,"X345","H",25.7268,-79.25726
2014-09-30 14:00:00,"X345","H",25.7277,-79.25859
2014-09-30 14:05:00,"X345","H",25.72765,-79.2607
2014-09-30 14:10:00,"X345","H",25.72718,-79.26339
2014-09-30 14:15:00,"X345","H",25.72593,-79.26519
2014-09-30 14:20:00,"X345","H",25.72582,-79.2647
2014-09-30 14:25:00,"X345","H",25.72571,-79.26043
2014-09-30 14:30:00,"X345","H",25.72476,-79.26789
2014-09-30 14:35:00,"X345","H",25.7216,-79.26369
2014-09-30 14:40:00,"X345","L",25.72002,-79.2695
2014-09-30 14:45:00,"X345","H",25.72028,-79.26987
2014-09-30 15:33:00,"X345","H",25.72883,-79.25729
2014-09-30 15:43:00,"X345","H",25.72838,-79.25491
2014-09-30 15:48:00,"X345","H",25.7298,-79.25409
2014-09-30 23:51:00,"X345","H",25.72969,-79.25366
2014-09-30 23:56:00,"X345","H",25.72972,-79.2535
2014-10-01 02:31:00,"X345","H",25.72924,-79.25476
2014-10-01 02:41:00,"X345","H",25.72965,-79.25125
2014-10-01 02:51:00,"X345","H",25.73311,-79.24859
2014-10-01 14:17:00,"X345","H",25.72671,-79.2678
2014-10-01 14:22:00,"X345","H",25.72627,-79.26884
2014-10-01 14:27:00,"X345","H",25.72518,-79.26963
2014-10-01 14:32:00,"X345","H",25.72312,-79.26986
2014-10-01 14:37:00,"X345","H",25.72233,-79.27109
2014-10-01 14:42:00,"X345","H",25.72103,-79.27181
2014-10-01 14:47:00,"X345","L",25.71958,-79.27102
2014-10-01 14:52:00,"X345","H",25.71831,-79.2707
2014-10-01 14:57:00,"X345","H",25.71702,-79.26012
2014-10-01 15:02:00,"X345","H",25.71646,-79.26089
2014-10-01 15:07:00,"X345","H",25.71553,-79.27294
2014-10-01 15:12:00,"X345","H",25.71447,-79.27338
2014-10-01 15:17:00,"X345","H",25.71375,-79.27436
2014-10-01 15:26:00,"X345","H",25.71559,-79.27452
2014-10-01 16:18:00,"X345","H",25.72472,-79.26355
2014-10-01 16:50:00,"X345","H",25.72723,-79.25572
2014-10-02 01:30:00,"X345","H",25.72846,-79.2551
2014-10-02 01:35:00,"X345","H",25.72804,-79.25573
2014-10-02 01:40:00,"X345","H",25.72802,-79.25478
2014-10-02 01:45:00,"X345","H",25.72713,-79.2556
2014-10-02 01:50:00,"X345","H",25.72508,-79.25727
2014-10-02 01:55:00,"X345","H",25.7238,-79.25816
2014-10-02 02:00:00,"X345","M",25.7242,-79.25677
2014-10-02 02:05:00,"X345","M",25.7244,-79.25551
2014-10-02 02:10:00,"X345","M",25.72591,-79.25476
2014-10-02 02:15:00,"X345","M",25.72738,-79.25605
2014-10-02 02:20:00,"X345","H",25.72747,-79.25807
2014-10-02 02:25:00,"X345","H",25.72844,-79.2573
2014-10-02 02:30:00,"X345","H",25.72992,-79.25694
2014-10-02 02:40:00,"X345","H",25.72773,-79.25499
2014-10-02 02:45:00,"X345","H",25.72756,-79.25452
2014-10-02 02:50:00,"X345","H",25.72672,-79.25294
2014-10-02 02:55:00,"X345","H",25.72839,-79.25322
2014-10-02 03:00:00,"X345","H",25.73001,-79.25315
2014-10-02 03:54:00,"X345","H",25.72944,-79.24531
2014-10-02 13:29:00,"X345","H",25.7269,-79.26243
2014-10-02 13:34:00,"X345","H",25.72463,-79.26391
2014-10-02 13:39:00,"X345","H",25.72191,-79.26535
2014-10-02 13:44:00,"X345","H",25.72308,-79.2644
2014-10-02 13:49:00,"X345","H",25.72347,-79.26694
2014-10-02 13:55:00,"X345","H",25.72466,-79.26971
2014-10-02 14:00:00,"X345","H",25.7251,-79.27187
2014-10-02 14:05:00,"X345","H",25.72469,-79.27342
2014-10-02 14:10:00,"X345","H",25.72595,-79.27171
2014-10-02 14:15:00,"X345","H",25.72392,-79.27097
2014-10-02 14:20:00,"X345","H",25.72429,-79.27296
2014-10-02 14:25:00,"X345","H",25.72474,-79.27395
2014-10-02 14:30:00,"X345","H",25.72251,-79.2749
2014-10-03 03:44:00,"X345","H",25.73266,-79.25049
2014-10-03 03:49:00,"X345","H",25.73322,-79.24828
2014-10-03 03:57:00,"X345","H",25.73347,-79.24704
2014-10-03 04:02:00,"X345","H",25.73681,-79.24695
2014-10-03 04:07:00,"X345","H",25.73552,-79.24798
2014-10-03 04:12:00,"X345","H",25.73409,-79.24715
2014-10-03 04:17:00,"X345","H",25.73221,-79.2475
2014-10-03 04:22:00,"X345","H",25.73153,-79.2482
2014-10-03 04:27:00,"X345","H",25.73268,-79.25021
2014-10-03 04:32:00,"X345","H",25.73401,-79.24814
2014-10-03 04:37:00,"X345","H",25.73409,-79.24916
2014-10-03 04:42:00,"X345","H",25.73414,-79.25017
2014-10-03 04:47:00,"X345","H",25.73376,-79.25002
2014-10-03 04:52:00,"X345","H",25.73342,-79.24978
2014-10-03 04:57:00,"X345","H",25.73296,-79.25091
2014-10-03 05:05:00,"X345","H",25.73463,-79.25089
2014-10-03 15:16:00,"X345","H",25.72573,-79.26862
2014-10-03 15:21:00,"X345","H",25.7229,-79.26728
2014-10-03 15:26:00,"X345","H",25.7212,-79.26606
2014-10-03 15:31:00,"X345","H",25.72231,-79.26494
2014-10-03 15:36:00,"X345","H",25.72468,-79.26665
2014-10-03 15:41:00,"X345","L",25.72516,-79.26733
2014-10-03 15:46:00,"X345","H",25.72517,-79.27053
2014-10-03 15:51:00,"X345","H",25.72688,-79.27103
2014-10-03 15:56:00,"X345","H",25.72758,-79.27262
2014-10-03 16:01:00,"X345","H",25.72596,-79.27329
2014-10-03 16:06:00,"X345","H",25.72537,-79.27295
2014-10-03 16:11:00,"X345","H",25.72513,-79.27333
2014-10-03 16:16:00,"X345","H",25.72388,-79.27491
2012-07-29 04:01:00,"X437","M",25.73785,-79.24489
2012-07-29 04:06:00,"X437","H",25.73779,-79.24543
2012-07-29 04:11:00,"X437","H",25.73822,-79.24039
2012-07-29 04:16:00,"X437","M",25.73803,-79.24479
2012-07-30 09:41:00,"X437","L",25.73766,-79.2454
2012-07-30 09:47:00,"X437","H",25.73803,-79.24459
2012-07-30 09:52:00,"X437","M",25.73758,-79.24632
2012-07-30 10:02:00,"X437","M",25.7387,-79.24606
2012-07-30 10:09:00,"X437","M",25.73842,-79.23763
2012-07-30 10:16:00,"X437","L",25.73693,-79.24535
2012-07-30 10:59:00,"X437","M",25.73799,-79.24553
2012-07-30 11:05:00,"X437","M",25.73772,-79.24551
2012-07-30 11:11:00,"X437","M",25.73759,-79.24604
2012-07-30 11:16:00,"X437","L",25.73765,-79.24622
2012-07-30 11:23:00,"X437","L",25.73781,-79.24678
2012-07-30 11:28:00,"X437","M",25.73819,-79.24583
2012-07-30 11:40:00,"X437","L",25.73975,-79.24725
2012-07-31 00:17:00,"X437","H",25.73699,-79.24537
2012-07-31 11:12:00,"X437","M",25.73739,-79.24577
2012-07-31 11:18:00,"X437","M",25.73749,-79.24547
2012-07-31 11:32:00,"X437","M",25.73703,-79.24579
2012-07-31 11:46:00,"X437","L",25.73806,-79.24553
2012-07-31 12:19:00,"X437","M",25.73809,-79.24582
2012-07-31 13:05:00,"X437","M",25.74333,-79.2465
2012-07-31 13:55:00,"X437","M",25.74316,-79.24644
2012-07-31 14:00:00,"X437","L",25.74314,-79.24629
2012-07-31 14:05:00,"X437","L",25.74317,-79.24647
2012-07-31 14:10:00,"X437","L",25.74324,-79.24652
2012-07-31 14:16:00,"X437","L",25.71287,-79.24636
2012-07-31 14:21:00,"X437","L",25.743,-79.2464
2012-07-31 14:26:00,"X437","L",25.74297,-79.24805
2012-07-31 14:34:00,"X437","L",25.74342,-79.24791
2012-07-31 14:41:00,"X437","L",25.74265,-79.24743
2012-07-31 14:46:00,"X437","L",25.74135,-79.24786
2012-07-31 14:53:00,"X437","L",25.73891,-79.24709
2012-07-31 14:58:00,"X437","L",25.73837,-79.24653
2012-07-31 15:03:00,"X437","L",25.73943,-79.24731
2012-07-31 15:08:00,"X437","L",25.7407,-79.24724
2012-07-31 15:13:00,"X437","L",25.74175,-79.24749
2012-07-31 15:18:00,"X437","L",25.74292,-79.24742
2012-07-31 15:23:00,"X437","L",25.74249,-79.24771
2012-07-31 15:28:00,"X437","L",25.74128,-79.2476
2012-07-31 15:36:00,"X437","L",25.74092,-79.24755
2012-07-31 15:41:00,"X437","L",25.74262,-79.24757
2012-07-31 15:46:00,"X437","L",25.74295,-79.24664
2012-07-31 15:51:00,"X437","L",25.74358,-79.24641
2012-07-31 15:56:00,"X437","L",25.745,-79.24662
2012-08-02 10:19:00,"X437","L",25.73804,-79.24774
2012-08-02 14:19:00,"X437","L",25.7302,-79.24953
2012-08-02 14:31:00,"X437","L",25.73032,-79.25077
2012-08-02 15:33:00,"X437","L",25.72999,-79.25054
2012-07-30 03:15:00,"X511","L",25.73026,-79.25006
2012-07-30 09:25:00,"X511","M",25.737,-79.24416
2012-07-30 09:32:00,"X511","H",25.73711,-79.24275
2012-07-30 09:37:00,"X511","M",25.73705,-79.24413
2012-07-30 09:42:00,"X511","M",25.73711,-79.24799
2012-07-30 09:47:00,"X511","M",25.73702,-79.24503
2012-07-30 09:52:00,"X511","M",25.73711,-79.24696
2012-07-30 09:58:00,"X511","M",25.73707,-79.24547
2012-07-30 10:05:00,"X511","H",25.73695,-79.24542
2012-07-30 14:26:00,"X511","L",25.73081,-79.25263
2012-07-30 15:25:00,"X511","L",25.72842,-79.25192
2012-07-30 15:39:00,"X511","L",25.72891,-79.25159
2012-07-30 22:03:00,"X511","M",25.73801,-79.24573
2012-07-30 22:06:00,"X511","H",25.73812,-79.24499
2012-07-30 22:13:00,"X511","H",25.73815,-79.24518
2012-07-30 22:18:00,"X511","M",25.73792,-79.24584
2012-07-30 22:24:00,"X511","M",25.73808,-79.24592
2012-07-30 22:35:00,"X511","M",25.73785,-79.24589
2012-07-31 09:11:00,"X511","M",25.73677,-79.24535
2012-07-31 09:16:00,"X511","H",25.73695,-79.24536
2012-07-31 09:21:00,"X511","L",25.73699,-79.24534
2012-07-31 09:31:00,"X511","H",25.73704,-79.24524
2012-07-31 09:36:00,"X511","M",25.737,-79.24539
2012-07-31 09:41:00,"X511","H",25.73702,-79.24539
2012-07-31 09:46:00,"X511","H",25.73704,-79.24539
2012-07-31 09:51:00,"X511","H",25.73699,-79.24534
2012-07-31 09:56:00,"X511","H",25.73704,-79.24534
2012-07-31 10:01:00,"X511","H",25.73704,-79.24534
2012-07-31 10:08:00,"X511","H",25.73698,-79.24545
2012-07-31 10:13:00,"X511","H",25.73704,-79.24549
2012-07-31 10:18:00,"X511","M",25.73704,-79.24544
2012-07-31 10:24:00,"X511","H",25.73699,-79.2455
2012-07-31 10:29:00,"X511","H",25.73704,-79.24544
2012-07-31 10:34:00,"X511","M",25.73706,-79.24514
2012-07-31 10:41:00,"X511","H",25.73677,-79.24531
2012-07-31 10:47:00,"X511","M",25.73659,-79.24539
2012-07-31 10:53:00,"X511","M",25.73682,-79.24553
2012-07-31 13:46:00,"X511","L",25.73037,-79.25012
2012-07-31 14:00:00,"X511","L",25.73055,-79.24991
2012-07-31 14:08:00,"X511","L",25.73041,-79.24998
2012-07-31 14:15:00,"X511","L",25.7304,-79.25028
2012-07-31 14:20:00,"X511","L",25.73033,-79.25009
2012-07-31 14:28:00,"X511","L",25.73055,-79.25016
2012-07-31 14:33:00,"X511","L",25.73026,-79.25003
2012-07-31 14:38:00,"X511","L",25.73052,-79.25022
2012-07-31 14:43:00,"X511","L",25.73055,-79.25011
2012-07-31 14:48:00,"X511","L",25.73031,-79.25014
2012-07-31 14:53:00,"X511","L",25.73012,-79.25015
2012-07-31 14:58:00,"X511","L",25.73046,-79.25018
2012-07-31 15:04:00,"X511","L",25.73064,-79.25005
2012-07-31 15:09:00,"X511","L",25.73012,-79.25015
2012-07-31 15:14:00,"X511","L",25.73032,-79.2501
2012-07-31 15:19:00,"X511","H",25.73037,-79.25021
2012-07-31 15:24:00,"X511","L",25.73018,-79.25037
2012-07-31 15:28:00,"X511","L",25.73051,-79.24995
2012-07-31 15:33:00,"X511","L",25.7303,-79.25022
2012-07-31 15:38:00,"X511","L",25.73028,-79.25005
2012-07-31 15:47:00,"X511","L",25.73021,-79.25026
2012-07-31 15:52:00,"X511","H",25.73028,-79.25032
2012-07-31 22:05:00,"X511","M",25.73819,-79.24517
2012-07-31 22:55:00,"X511","M",25.73803,-79.24578
2012-07-31 23:00:00,"X511","M",25.73711,-79.2471
2012-07-31 23:05:00,"X511","M",25.73622,-79.24859
2012-07-31 23:10:00,"X511","M",25.73625,-79.24896
2012-07-31 23:15:00,"X511","M",25.73553,-79.24906
2012-07-31 23:20:00,"X511","M",25.73519,-79.25017
2012-07-31 23:25:00,"X511","M",25.73418,-79.24957
2012-07-31 23:30:00,"X511","H",25.7346,-79.24956
2012-07-31 23:35:00,"X511","M",25.73334,-79.24932
2012-07-31 23:40:00,"X511","M",25.73391,-79.24783
2012-07-31 23:45:00,"X511","M",25.73406,-79.24837
2012-07-31 23:51:00,"X511","M",25.73405,-79.24913
2012-08-01 00:04:00,"X511","M",25.73789,-79.24523
2012-08-01 03:47:00,"X511","L",25.73041,-79.24971
2012-08-01 10:35:00,"X511","H",25.73834,-79.24674
2012-08-01 10:43:00,"X511","M",25.73711,-79.24748
2012-08-01 10:51:00,"X511","H",25.73647,-79.24958
2012-08-01 10:58:00,"X511","H",25.73533,-79.24019
2012-08-01 11:00:00,"X511","H",25.73566,-79.2494
2012-08-01 11:05:00,"X511","H",25.73569,-79.24985
2012-08-01 11:10:00,"X511","H",25.73428,-79.24848
2012-08-01 14:02:00,"X511","L",25.73038,-79.2502
2012-08-01 14:03:00,"X511","L",25.73049,-79.24998
2012-08-01 14:18:00,"X511","L",25.73051,-79.25023
2012-08-01 14:31:00,"X511","L",25.73049,-79.24998
2012-08-01 14:36:00,"X511","L",25.73021,-79.25019
2012-08-01 15:02:00,"X511","L",25.73042,-79.25006
2012-08-01 15:02:00,"X511","L",25.73061,-79.25031
2012-08-01 15:15:00,"X511","L",25.73035,-79.25013
2012-08-01 15:25:00,"X511","L",25.73043,-79.25019
2012-08-01 15:30:00,"X511","L",25.7304,-79.25002
2012-08-01 15:35:00,"X511","L",25.73039,-79.25012
2012-08-01 15:40:00,"X511","L",25.73041,-79.25008
2012-08-01 15:45:00,"X511","L",25.73039,-79.25012
2012-08-01 15:50:00,"X511","L",25.73042,-79.25008
2012-08-01 15:56:00,"X511","L",25.73038,-79.25006
2012-08-02 10:22:00,"X511","M",25.73804,-79.24774
2012-08-02 11:03:00,"X511","H",25.73813,-79.24473
2012-08-02 11:39:00,"X511","H",25.73844,-79.24444
2012-08-02 11:52:00,"X511","H",25.73816,-79.2447
2012-08-02 11:57:00,"X511","H",25.73669,-79.24217
2012-08-02 12:02:00,"X511","H",25.73733,-79.24697
2012-08-02 12:03:00,"X511","M",25.73281,-79.25003
2012-08-02 12:17:00,"X511","M",25.73355,-79.24868
2012-08-02 12:22:00,"X511","M",25.73246,-79.25051
2012-08-02 12:27:00,"X511","M",25.73208,-79.25066
2012-08-02 12:38:00,"X511","M",25.73267,-79.25091
2012-08-02 12:45:00,"X511","M",25.73084,-79.25203
2012-08-02 12:50:00,"X511","M",25.72879,-79.25263
2012-08-02 12:55:00,"X511","M",25.72758,-79.25254
2012-08-02 13:00:00,"X511","M",25.72657,-79.2521
2012-08-02 13:05:00,"X511","M",25.72672,-79.2513
2012-08-02 13:11:00,"X511","M",25.72792,-79.25163
2012-08-02 13:20:00,"X511","M",25.72841,-79.25139
2012-08-02 13:25:00,"X511","M",25.72942,-79.25187
2012-08-02 13:30:00,"X511","M",25.72336,-79.25114
2012-08-02 13:35:00,"X511","M",25.73085,-79.25026
2012-08-02 13:40:00,"X511","M",25.73092,-79.24904
2013-02-10 11:31:00,"X708","H",25.73308,-79.25163
2013-02-10 11:36:00,"X708","H",25.73182,-79.26269
2013-02-10 11:41:00,"X708","H",25.73001,-79.25391
2013-02-10 11:46:00,"X708","H",25.72849,-79.25449
2013-02-10 11:51:00,"X708","H",25.72728,-79.25446
2013-02-10 11:56:00,"X708","H",25.7252,-79.25467
2013-02-10 12:01:00,"X708","M",25.72313,-79.25439
2013-02-10 13:08:00,"X708","H",25.7214,-79.25282
2013-02-10 13:13:00,"X708","L",25.71985,-79.25144
2013-02-10 21:38:00,"X708","H",25.73323,-79.2495
2013-02-10 21:41:00,"X708","H",25.73188,-79.25019
2013-02-10 21:46:00,"X708","H",25.73077,-79.24924
2014-07-16 12:28:00,"X773","H",25.71133,-79.26965
2014-07-16 12:33:00,"X773","H",25.7128,-79.26922
2014-07-16 12:38:00,"X773","H",25.71647,-79.26993
2014-07-16 12:43:00,"X773","H",25.71839,-79.2689
2014-07-16 12:48:00,"X773","M",25.72074,-79.26791
2014-07-16 12:53:00,"X773","H",25.72332,-79.2683
2014-07-16 12:58:00,"X773","H",25.72592,-79.26745
2014-07-16 13:03:00,"X773","H",25.72765,-79.26587
2014-07-16 13:08:00,"X773","H",25.72785,-79.26276
2013-07-24 11:57:00,"X85F","M",25.7308,-79.24857
2013-07-24 12:02:00,"X85F","L",25.72954,-79.24963
2013-07-24 12:07:00,"X85F","L",25.72829,-79.25042
2013-07-24 12:12:00,"X85F","L",25.72707,-79.2505
2013-07-24 12:17:00,"X85F","L",25.72627,-79.25176
2013-07-24 12:22:00,"X85F","L",25.72741,-79.25184
2013-07-24 12:27:00,"X85F","L",25.72823,-79.2515
2013-07-24 12:32:00,"X85F","L",25.7291,-79.25088
2013-07-24 12:37:00,"X85F","L",25.72782,-79.25098
2013-07-24 12:42:00,"X85F","L",25.72652,-79.25107
2013-07-24 12:47:00,"X85F","L",25.72404,-79.25185
2013-07-24 12:52:00,"X85F","L",25.72614,-79.25041
2013-07-24 12:59:00,"X85F","L",25.72406,-79.25095
2013-07-24 13:04:00,"X85F","L",25.72305,-79.252
2013-07-24 13:09:00,"X85F","L",25.72144,-79.25178
2013-07-24 13:14:00,"X85F","H",25.72014,-79.25197
2013-07-24 13:20:00,"X85F","L",25.71835,-79.25165
2013-07-24 13:27:00,"X85F","L",25.7165,-79.25107
2013-07-24 13:32:00,"X85F","L",25.71597,-79.24971
2013-07-24 13:37:00,"X85F","L",25.71732,-79.24917
2013-07-24 13:44:00,"X85F","L",25.71882,-79.24752
2013-07-24 13:49:00,"X85F","L",25.71978,-79.24636
2013-07-24 13:54:00,"X85F","H",25.72095,-79.22671
2013-07-24 13:59:00,"X85F","L",25.72202,-79.24476
2013-07-24 14:05:00,"X85F","L",25.72344,-79.24427
2013-07-24 14:09:00,"X85F","L",25.72325,-79.24478
2013-07-24 14:14:00,"X85F","L",25.72208,-79.24487
2013-07-24 14:19:00,"X85F","L",25.72108,-79.24468
2013-07-24 14:24:00,"X85F","H",25.71974,-79.24437
2013-07-24 14:29:00,"X85F","L",25.71843,-79.24421
2013-07-24 14:34:00,"X85F","L",25.71732,-79.24387
2013-07-24 14:39:00,"X85F","L",25.71623,-79.24457
2013-07-24 14:44:00,"X85F","L",25.71558,-79.24548
2013-07-24 14:49:00,"X85F","L",25.71521,-79.24485
2013-07-24 14:54:00,"X85F","L",25.71659,-79.24648
2013-07-24 14:59:00,"X85F","L",25.71714,-79.247
2013-07-24 15:04:00,"X85F","L",25.71675,-79.24775
2013-07-24 15:09:00,"X85F","L",25.71546,-79.24816
2013-07-25 12:05:00,"X85F","M",25.73388,-79.24864
2013-07-25 12:09:00,"X85F","M",25.73464,-79.24953
2013-07-25 12:19:00,"X85F","M",25.73466,-79.25199
2013-07-25 12:24:00,"X85F","M",25.73414,-79.25253
2013-07-25 12:29:00,"X85F","M",25.73343,-79.25198
2013-07-25 12:35:00,"X85F","L",25.73367,-79.25027
2013-07-25 12:45:00,"X85F","L",25.73331,-79.24864
2013-07-25 12:50:00,"X85F","L",25.73292,-79.24993
2013-07-25 12:54:00,"X85F","L",25.73179,-79.25132
2013-07-25 13:01:00,"X85F","L",25.73081,-79.2518
2013-07-25 13:06:00,"X85F","L",25.72958,-79.25209
2013-07-25 13:11:00,"X85F","L",25.72831,-79.25261
2013-07-25 13:16:00,"X85F","L",25.72729,-79.25273
2013-07-25 13:21:00,"X85F","L",25.72658,-79.25292
2013-07-25 13:26:00,"X85F","L",25.7253,-79.25299
2013-07-25 13:31:00,"X85F","L",25.72434,-79.25223
2013-07-25 13:36:00,"X85F","L",25.72333,-79.25211
2013-07-25 13:41:00,"X85F","L",25.72211,-79.25154
2013-07-25 13:46:00,"X85F","L",25.7212,-79.25108
2013-07-25 13:51:00,"X85F","L",25.72149,-79.25035
2013-07-25 13:56:00,"X85F","L",25.72233,-79.2494
2013-07-25 14:01:00,"X85F","L",25.72296,-79.24804
2013-07-25 14:06:00,"X85F","L",25.72365,-79.24659
2013-07-25 14:15:00,"X85F","L",25.72175,-79.24552
2013-07-25 14:20:00,"X85F","H",25.72062,-79.24479
2013-07-25 14:25:00,"X85F","L",25.7209,-79.24371
2013-07-25 14:30:00,"X85F","L",25.72178,-79.24296
2013-07-25 14:35:00,"X85F","L",25.7226,-79.24271
2013-07-25 14:40:00,"X85F","L",25.72375,-79.24215
2013-07-25 14:45:00,"X85F","L",25.72441,-79.24203
2013-07-25 14:50:00,"X85F","L",25.72542,-79.24178
2013-07-25 14:55:00,"X85F","L",25.72659,-79.24105
2013-07-25 15:00:00,"X85F","L",25.72592,-79.24055
2013-07-25 15:26:00,"X85F","L",25.73239,-79.24107
2013-07-25 15:31:00,"X85F","L",25.73383,-79.24004
2013-07-25 15:35:00,"X85F","L",25.73461,-79.23823
2013-07-25 15:40:00,"X85F","L",25.73379,-79.23731
2013-07-25 15:45:00,"X85F","L",25.73196,-79.23633
2013-07-25 15:50:00,"X85F","L",25.7316,-79.23733
2013-07-25 15:55:00,"X85F","L",25.73077,-79.23802
2013-07-25 16:00:00,"X85F","L",25.73918,-79.23771
2013-07-25 16:05:00,"X85F","L",25.72811,-79.23764
2013-07-25 16:10:00,"X85F","L",25.72709,-79.23745
2013-07-25 16:15:00,"X85F","L",25.72595,-79.23729
2013-07-25 16:20:00,"X85F","L",25.72509,-79.23727
2013-07-25 16:25:00,"X85F","L",25.72645,-79.2385
2013-07-25 16:27:00,"X85F","L",25.7264,-79.2365
2013-07-25 16:30:00,"X85F","L",25.72551,-79.23855
2013-07-25 16:35:00,"X85F","L",25.72481,-79.23826
2013-07-25 16:40:00,"X85F","L",25.72594,-79.23794
2013-07-25 16:45:00,"X85F","L",25.72712,-79.23777
2013-07-25 16:50:00,"X85F","L",25.72842,-79.23676
2013-07-25 16:55:00,"X85F","L",25.72975,-79.236
2013-07-25 17:00:00,"X85F","L",25.73118,-79.23556
2013-07-26 12:30:00,"X85F","M",25.73607,-79.24712
2013-07-26 12:35:00,"X85F","M",25.73753,-79.24843
2013-07-26 12:46:00,"X85F","M",25.73515,-79.24821
2013-07-26 12:57:00,"X85F","M",25.73439,-79.25032
2013-07-26 13:02:00,"X85F","M",25.73519,-79.25144
2013-07-26 13:09:00,"X85F","M",25.73443,-79.25324
2013-07-26 13:15:00,"X85F","L",25.73373,-79.25288
2013-07-26 13:20:00,"X85F","L",25.73293,-79.25212
2013-07-26 13:25:00,"X85F","L",25.73137,-79.25229
2013-07-26 13:30:00,"X85F","L",25.73051,-79.25053
2013-07-26 13:35:00,"X85F","L",25.72909,-79.25025
2013-07-26 13:41:00,"X85F","L",25.72867,-79.25007
2013-07-26 13:46:00,"X85F","L",25.72623,-79.24989
2013-07-26 13:52:00,"X85F","L",25.72524,-79.24886
2013-07-26 13:57:00,"X85F","L",25.72479,-79.24856
2013-07-26 14:03:00,"X85F","L",25.72355,-79.24869
2013-07-26 14:08:00,"X85F","L",25.72519,-79.24944
2013-07-26 14:14:00,"X85F","L",25.72536,-79.24963
2013-07-26 14:19:00,"X85F","L",25.72565,-79.2503
2013-07-26 14:30:00,"X85F","L",25.72825,-79.24981
2013-07-26 14:37:00,"X85F","L",25.72988,-79.24921
2013-07-26 14:42:00,"X85F","L",25.73032,-79.24888
2013-07-26 15:48:00,"X85F","L",25.73245,-79.24726
2013-07-26 15:53:00,"X85F","L",25.73145,-79.24755
2013-07-26 15:59:00,"X85F","L",25.73002,-79.24769
2013-07-26 16:05:00,"X85F","L",25.72913,-79.24576
2013-07-26 16:08:00,"X85F","L",25.7283,-79.24465
2013-07-26 16:12:00,"X85F","L",25.72833,-79.24403
2013-07-26 16:16:00,"X85F","L",25.72835,-79.24418
2013-07-26 16:21:00,"X85F","L",25.72844,-79.24663
2013-07-26 16:37:00,"X85F","L",25.72933,-79.24679
2013-07-26 16:41:00,"X85F","L",25.72847,-79.22677
2013-07-26 16:46:00,"X85F","L",25.7284,-79.24519
2013-07-26 16:51:00,"X85F","L",25.72841,-79.24411
2013-07-26 16:56:00,"X85F","L",25.72859,-79.24432
